Sensor Type,Sensor Type Numeral,Pos X/ rho,Pos Y/ phi,drho,Timestamp,Ground_Truth_X,Ground_Truth_Y,Ground_Truth_Vx,Ground_Truth_Vy,Yaw,Yaw_Rate,VX_Calculated,VY_Calculated,Yaw_Calculated,Yaw_rate_Calculated
L,1,3.12E-01,5.80E-01,0,1.48E+15,6.00E-01,6.00E-01,5.20E+00,0,0,6.91E-03,3.122427,5.803398,1.077186249,1.077186249
L,1,1.17E+00,4.81E-01,0,1.48E+15,1.12E+00,6.00E-01,5.20E+00,5.39E-03,1.04E-03,2.07E-02,8.616053,-0.992669,-0.114705831,-0.890982373
L,1,1.65E+00,6.25E-01,0,1.48E+15,1.64E+00,6.01E-01,5.20E+00,1.80E-02,3.45E-03,3.45E-02,4.76778,1.436175,0.292580359,-0.563010776
L,1,2.19E+00,6.49E-01,0,1.48E+15,2.16E+00,6.04E-01,5.20E+00,3.77E-02,7.25E-03,4.83E-02,5.38198,0.240488,0.044654223,-1.096265037
L,1,2.66E+00,6.66E-01,0,1.48E+15,2.68E+00,6.09E-01,5.19E+00,6.46E-02,1.24E-02,6.21E-02,4.66432,0.172406,0.03694591,0.094583587
L,1,3.01E+00,6.37E-01,0,1.48E+15,3.20E+00,6.17E-01,5.19E+00,9.85E-02,1.90E-02,7.58E-02,3.56967,-0.289343,-0.080879134,0.399176977
L,1,3.89E+00,3.12E-01,0,1.48E+15,3.72E+00,6.29E-01,5.19E+00,1.40E-01,2.69E-02,8.95E-02,8.81427,-3.252525,-0.353505977,-0.514284084
L,1,4.31E+00,5.79E-01,0,1.48E+15,4.24E+00,6.45E-01,5.18E+00,1.88E-01,3.62E-02,1.03E-01,4.15696,2.667707,0.57054993,-0.904232161
L,1,4.35E+00,8.99E-01,0,1.48E+15,4.75E+00,6.67E-01,5.18E+00,2.43E-01,4.68E-02,1.17E-01,0.42085,3.206104,1.440277315,-0.143121017
L,1,5.52E+00,6.48E-01,0,1.48E+15,5.27E+00,6.94E-01,5.17E+00,3.04E-01,5.88E-02,1.30E-01,11.67504,-2.509414,-0.211717247,-0.469913352
L,1,6.02E+00,7.09E-01,0,1.48E+15,5.79E+00,7.28E-01,5.16E+00,3.73E-01,7.22E-02,1.43E-01,5.03068,0.603866,0.119465061,-0.438180613
L,1,6.34E+00,9.49E-01,0,1.48E+15,6.30E+00,7.69E-01,5.15E+00,4.48E-01,8.68E-02,1.57E-01,3.20483,2.402133,0.643203591,-0.777787353
L,1,6.78E+00,7.14E-01,0,1.48E+15,6.82E+00,8.18E-01,5.13E+00,5.30E-01,1.03E-01,1.70E-01,4.39657,-2.347967,-0.490511365,-1.324982685
L,1,7.14E+00,9.57E-01,0,1.48E+15,7.33E+00,8.75E-01,5.12E+00,6.18E-01,1.20E-01,1.83E-01,3.55207,2.431806,0.600326734,-1.395919079
L,1,7.81E+00,7.19E-01,0,1.48E+15,7.84E+00,9.42E-01,5.10E+00,7.12E-01,1.39E-01,1.96E-01,6.67984,-2.380904,-0.342392727,-0.994492902
L,1,8.25E+00,8.40E-01,0,1.48E+15,8.35E+00,1.02E+00,5.08E+00,8.13E-01,1.59E-01,2.09E-01,4.42625,1.211958,0.267260905,-1.010587199
L,1,8.75E+00,1.05E+00,0,1.48E+15,8.86E+00,1.10E+00,5.05E+00,9.19E-01,1.80E-01,2.22E-01,4.98186,2.082541,0.395947782,1.00275793
L,1,9.26E+00,1.05E+00,0,1.48E+15,9.36E+00,1.20E+00,5.02E+00,1.03E+00,2.02E-01,2.34E-01,5.09643,0.00553,0.001085073,-1.515691173
L,1,1.00E+01,1.45E+00,0,1.48E+15,9.86E+00,1.31E+00,4.99E+00,1.15E+00,2.26E-01,2.47E-01,7.92602,3.96849,0.464200571,0.950729945
L,1,1.02E+01,1.46E+00,0,1.48E+15,1.04E+01,1.43E+00,4.95E+00,1.27E+00,2.51E-01,2.59E-01,2.0083,0.1309,0.065087437,0.575313899
L,1,1.07E+01,1.45E+00,0,1.48E+15,1.09E+01,1.57E+00,4.91E+00,1.40E+00,2.77E-01,2.71E-01,4.8204,-0.06415,-0.013307239,-0.069250065
L,1,1.16E+01,1.61E+00,0,1.48E+15,1.13E+01,1.71E+00,4.86E+00,1.53E+00,3.05E-01,2.83E-01,8.557,1.61971,0.187071571,0.423385706
L,1,1.18E+01,1.75E+00,0,1.48E+15,1.18E+01,1.87E+00,4.81E+00,1.66E+00,3.33E-01,2.95E-01,1.9181,1.31283,0.6002085,0.046191645
L,1,1.23E+01,1.78E+00,0,1.48E+15,1.23E+01,2.04E+00,4.75E+00,1.80E+00,3.63E-01,3.06E-01,5.4382,0.37626,0.069078248,-0.260039151
L,1,1.26E+01,2.18E+00,0,1.48E+15,1.28E+01,2.23E+00,4.68E+00,1.94E+00,3.94E-01,3.18E-01,2.6982,3.91559,0.967429046,-0.91201263
L,1,1.31E+01,2.41E+00,0,1.48E+15,1.32E+01,2.43E+00,4.60E+00,2.09E+00,4.26E-01,3.29E-01,4.9504,2.31989,0.43823553,-0.61641273
L,1,1.38E+01,2.62E+00,0,1.48E+15,1.37E+01,2.65E+00,4.52E+00,2.24E+00,4.59E-01,3.40E-01,7.4852,2.17712,0.283047411,-0.056264523
L,1,1.42E+01,2.94E+00,0,1.48E+15,1.41E+01,2.88E+00,4.44E+00,2.39E+00,4.93E-01,3.51E-01,3.7458,3.17258,0.702732326,-0.260174578
L,1,1.45E+01,2.91E+00,0,1.48E+15,1.46E+01,3.13E+00,4.34E+00,2.54E+00,5.29E-01,3.61E-01,2.5106,-0.34711,-0.137386812,1.233284339
L,1,1.50E+01,3.51E+00,0,1.48E+15,1.50E+01,3.39E+00,4.24E+00,2.69E+00,5.65E-01,3.71E-01,5.6447,5.99361,0.815368625,1.111734049
L,1,1.55E+01,3.83E+00,0,1.48E+15,1.54E+01,3.67E+00,4.13E+00,2.84E+00,6.03E-01,3.82E-01,4.9747,3.22663,0.575396008,1.3332277
L,1,1.60E+01,4.00E+00,0,1.48E+15,1.58E+01,3.96E+00,4.01E+00,2.99E+00,6.41E-01,3.91E-01,4.5389,1.71576,0.361408966,1.289975641
L,1,1.63E+01,4.44E+00,0,1.48E+15,1.62E+01,4.26E+00,3.88E+00,3.14E+00,6.80E-01,4.01E-01,3.5383,4.44052,0.89799675,-1.218859454
L,1,1.66E+01,4.67E+00,0,1.48E+15,1.66E+01,4.58E+00,3.74E+00,3.28E+00,7.21E-01,4.10E-01,2.7264,2.28445,0.697427192,1.210654511
L,1,1.70E+01,5.21E+00,0,1.48E+15,1.70E+01,4.92E+00,3.59E+00,3.43E+00,7.62E-01,4.19E-01,3.9155,5.37557,0.941271061,1.203563963
L,1,1.73E+01,5.44E+00,0,1.48E+15,1.73E+01,5.27E+00,3.44E+00,3.57E+00,8.04E-01,4.28E-01,2.9396,2.24422,0.652049897,1.268681723
L,1,1.78E+01,5.62E+00,0,1.48E+15,1.77E+01,5.64E+00,3.28E+00,3.71E+00,8.47E-01,4.37E-01,4.9587,1.89343,0.364753855,-0.172018792
L,1,1.81E+01,6.17E+00,0,1.48E+15,1.80E+01,6.01E+00,3.10E+00,3.84E+00,8.91E-01,4.45E-01,3.41,5.45087,1.011774142,-1.160199344
L,1,1.82E+01,6.66E+00,0,1.48E+15,1.83E+01,6.40E+00,2.92E+00,3.97E+00,9.36E-01,4.53E-01,0.9014,4.91533,1.389426132,0.210324417
L,1,1.85E+01,6.76E+00,0,1.48E+15,1.86E+01,6.81E+00,2.74E+00,4.09E+00,9.81E-01,4.61E-01,3.2575,0.98752,0.294346687,-1.030486534
L,1,1.91E+01,7.18E+00,0,1.48E+15,1.88E+01,7.22E+00,2.54E+00,4.20E+00,1.03E+00,4.68E-01,6.0194,4.23314,0.612903505,0.86574391
L,1,1.90E+01,7.87E+00,0,1.48E+15,1.91E+01,7.65E+00,2.33E+00,4.31E+00,1.07E+00,4.75E-01,-1.3037,6.85355,-1.382819559,-0.343631419
L,1,1.91E+01,8.13E+00,0,1.48E+15,1.93E+01,8.08E+00,2.12E+00,4.41E+00,1.12E+00,4.82E-01,1.1827,2.59649,1.143378403,-1.042176101
L,1,1.93E+01,8.31E+00,0,1.48E+15,1.95E+01,8.53E+00,1.90E+00,4.50E+00,1.17E+00,4.88E-01,2.1499,1.78963,0.694201832,-0.6952628
L,1,2.00E+01,8.89E+00,0,1.48E+15,1.97E+01,8.98E+00,1.68E+00,4.58E+00,1.22E+00,4.95E-01,6.5687,5.83189,0.726050604,0.740924809
L,1,2.02E+01,9.46E+00,0,1.48E+15,1.98E+01,9.44E+00,1.45E+00,4.65E+00,1.27E+00,5.01E-01,1.535,5.68885,1.307246618,0.028408828
L,1,2.02E+01,9.91E+00,0,1.48E+15,2.00E+01,9.91E+00,1.21E+00,4.71E+00,1.32E+00,5.06E-01,-0.0007,4.49277,-1.570640521,0.661710921
L,1,2.02E+01,1.05E+01,0,1.48E+15,2.01E+01,1.04E+01,9.68E-01,4.76E+00,1.37E+00,5.11E-01,0.087,5.59957,1.555260669,1.491724096
L,1,2.04E+01,1.10E+01,0,1.48E+15,2.02E+01,1.09E+01,7.22E-01,4.79E+00,1.42E+00,5.16E-01,2.0504,5.4214,1.209218853,-0.090497779
L,1,2.03E+01,1.13E+01,0,1.48E+15,2.02E+01,1.13E+01,4.73E-01,4.82E+00,1.47E+00,5.21E-01,-0.5463,3.3748,-1.410312176,0.667476038
L,1,2.06E+01,1.19E+01,0,1.48E+15,2.03E+01,1.18E+01,2.20E-01,4.83E+00,1.53E+00,5.25E-01,2.9767,5.9381,1.106118616,0.629003848
L,1,2.03E+01,1.25E+01,0,1.48E+15,2.03E+01,1.23E+01,-3.39E-02,4.83E+00,1.58E+00,5.29E-01,-2.8781,5.5448,-1.092014955,0.067074879
L,1,2.05E+01,1.29E+01,0,1.48E+15,2.03E+01,1.28E+01,-2.89E-01,4.82E+00,1.63E+00,5.33E-01,1.7175,3.9574,1.161329829,-0.332586466
L,1,2.02E+01,1.32E+01,0,1.48E+15,2.02E+01,1.33E+01,-5.45E-01,4.79E+00,1.68E+00,5.36E-01,-3.0373,2.7642,-0.738358856,0.245869205
L,1,2.03E+01,1.39E+01,0,1.48E+15,2.01E+01,1.38E+01,-8.01E-01,4.75E+00,1.74E+00,5.39E-01,1.3023,7.2084,1.392060084,0.797305886
L,1,2.01E+01,1.43E+01,0,1.48E+15,2.01E+01,1.42E+01,-1.05E+00,4.70E+00,1.79E+00,5.42E-01,-2.0297,4.4741,-1.144906659,0.687187214
L,1,1.98E+01,1.48E+01,0,1.48E+15,1.99E+01,1.47E+01,-1.31E+00,4.63E+00,1.85E+00,5.44E-01,-3.4059,4.3592,-0.907554161,0.083297582
L,1,2.00E+01,1.52E+01,0,1.48E+15,1.98E+01,1.51E+01,-1.56E+00,4.55E+00,1.90E+00,5.46E-01,2.3986,4.3234,1.064279314,-0.00616755
L,1,1.99E+01,1.56E+01,0,1.48E+15,1.96E+01,1.56E+01,-1.80E+00,4.45E+00,1.96E+00,5.47E-01,-1.0774,3.4874,-1.271157319,0.236023679
L,1,1.95E+01,1.60E+01,0,1.48E+15,1.94E+01,1.60E+01,-2.04E+00,4.35E+00,2.01E+00,5.48E-01,-4.3825,4.5578,-0.805003494,-0.313203287
L,1,1.92E+01,1.63E+01,0,1.48E+15,1.92E+01,1.65E+01,-2.28E+00,4.23E+00,2.06E+00,5.49E-01,-2.3681,2.6203,-0.835912447,-0.765941624
L,1,1.90E+01,1.68E+01,0,1.48E+15,1.90E+01,1.69E+01,-2.50E+00,4.10E+00,2.12E+00,5.50E-01,-2.3509,5.6689,-1.177681037,1.565154453
L,1,1.86E+01,1.74E+01,0,1.48E+15,1.87E+01,1.73E+01,-2.73E+00,3.95E+00,2.17E+00,5.50E-01,-3.8816,5.4441,-0.951403983,0.145818531
L,1,1.81E+01,1.76E+01,0,1.48E+15,1.84E+01,1.77E+01,-2.94E+00,3.80E+00,2.23E+00,5.50E-01,-5.1252,1.6979,-0.319905592,1.250279529
L,1,1.82E+01,1.80E+01,0,1.48E+15,1.81E+01,1.80E+01,-3.14E+00,3.63E+00,2.28E+00,5.49E-01,1.0712,4.9314,1.356898973,0.480962838
L,1,1.79E+01,1.82E+01,0,1.48E+15,1.78E+01,1.84E+01,-3.34E+00,3.45E+00,2.34E+00,5.48E-01,-3.0763,1.7218,-0.510258648,0.658599813
L,1,1.74E+01,1.87E+01,0,1.48E+15,1.75E+01,1.87E+01,-3.52E+00,3.27E+00,2.39E+00,5.47E-01,-5.1725,4.8565,-0.753899959,-0.981381596
L,1,1.72E+01,1.89E+01,0,1.48E+15,1.71E+01,1.91E+01,-3.70E+00,3.07E+00,2.45E+00,5.46E-01,-2.083,1.8243,-0.719285254,-0.776038292
L,1,1.66E+01,1.91E+01,0,1.48E+15,1.67E+01,1.93E+01,-3.86E+00,2.86E+00,2.50E+00,5.44E-01,-6.0279,1.6562,-0.268139091,0.042586217
L,1,1.62E+01,1.96E+01,0,1.48E+15,1.63E+01,1.96E+01,-4.02E+00,2.65E+00,2.56E+00,5.42E-01,-3.3958,5.6509,-1.029692677,0.988191304
L,1,1.59E+01,1.99E+01,0,1.48E+15,1.59E+01,1.99E+01,-4.16E+00,2.43E+00,2.61E+00,5.39E-01,-3.0957,2.5324,-0.685643311,-1.474859581
L,1,1.54E+01,2.02E+01,0,1.48E+15,1.55E+01,2.01E+01,-4.28E+00,2.21E+00,2.67E+00,5.36E-01,-4.9107,3.1331,-0.567903683,-0.31961681
L,1,1.52E+01,2.04E+01,0,1.48E+15,1.51E+01,2.03E+01,-4.40E+00,1.98E+00,2.72E+00,5.33E-01,-2.3155,2.5493,-0.833420743,-0.221270431
L,1,1.47E+01,2.06E+01,0,1.48E+15,1.46E+01,2.05E+01,-4.50E+00,1.74E+00,2.77E+00,5.29E-01,-5.3515,1.7028,-0.308061265,0.271914912
L,1,1.41E+01,2.06E+01,0,1.48E+15,1.42E+01,2.07E+01,-4.60E+00,1.50E+00,2.83E+00,5.25E-01,-6.144,-0.1644,0.026751429,1.16940662
L,1,1.35E+01,2.07E+01,0,1.48E+15,1.37E+01,2.08E+01,-4.67E+00,1.26E+00,2.88E+00,5.21E-01,-5.8344,1.3296,-0.224063247,1.366459648
L,1,1.31E+01,2.08E+01,0,1.48E+15,1.32E+01,2.09E+01,-4.74E+00,1.02E+00,2.93E+00,5.16E-01,-3.6142,1.0407,-0.280363146,-0.129396363
L,1,1.29E+01,2.11E+01,0,1.48E+15,1.28E+01,2.10E+01,-4.79E+00,7.75E-01,2.98E+00,5.11E-01,-2.3432,2.2977,-0.775594345,0.779860245
L,1,1.22E+01,2.11E+01,0,1.48E+15,1.23E+01,2.11E+01,-4.83E+00,5.31E-01,3.03E+00,5.06E-01,-6.6671,0.5083,-0.076092841,0.392379636
L,1,1.17E+01,2.09E+01,0,1.48E+15,1.18E+01,2.11E+01,-4.86E+00,2.87E-01,3.08E+00,5.01E-01,-5.2477,-2.4489,0.436622987,-1.123291743
L,1,1.14E+01,2.11E+01,0,1.48E+15,1.13E+01,2.11E+01,-4.88E+00,4.41E-02,3.13E+00,4.95E-01,-3.1844,2.0374,-0.569175946,1.13973081
L,1,1.09E+01,2.09E+01,0,1.48E+15,1.08E+01,2.11E+01,-4.88E+00,-1.97E-01,3.18E+00,4.88E-01,-4.7272,-1.419,0.291619809,1.150973235
L,1,1.02E+01,2.12E+01,0,1.48E+15,1.03E+01,2.11E+01,-4.87E+00,-4.35E-01,3.23E+00,4.82E-01,-7.013,2.8201,-0.382336608,-1.076268533
L,1,1.00E+01,2.10E+01,0,1.48E+15,9.84E+00,2.10E+01,-4.86E+00,-6.69E-01,3.28E+00,4.75E-01,-1.92628,-2.2929,0.872074114,-0.787974699
L,1,9.54E+00,2.09E+01,0,1.48E+15,9.35E+00,2.10E+01,-4.83E+00,-9.00E-01,3.33E+00,4.68E-01,-4.57136,-1.0347,0.222593331,-0.443999416
L,1,8.70E+00,2.08E+01,0,1.48E+15,8.87E+00,2.09E+01,-4.79E+00,-1.13E+00,3.37E+00,4.61E-01,-8.35896,-0.5412,0.064654655,-0.129563704
L,1,8.22E+00,2.05E+01,0,1.48E+15,8.40E+00,2.07E+01,-4.74E+00,-1.35E+00,3.42E+00,4.53E-01,-4.80544,-3.382,0.613262193,-0.674394917
L,1,7.89E+00,2.04E+01,0,1.48E+15,7.92E+00,2.06E+01,-4.68E+00,-1.56E+00,3.46E+00,4.45E-01,-3.36778,-0.3389,0.100292464,1.129444746
L,1,7.18E+00,2.04E+01,0,1.48E+15,7.46E+00,2.04E+01,-4.62E+00,-1.77E+00,3.51E+00,4.37E-01,-7.05696,-0.5801,0.082018127,0.065287463
L,1,6.82E+00,2.02E+01,0,1.48E+15,7.00E+00,2.02E+01,-4.55E+00,-1.97E+00,3.55E+00,4.28E-01,-3.64868,-2.0607,0.514119451,-0.40981617
L,1,6.39E+00,2.00E+01,0,1.48E+15,6.55E+00,2.00E+01,-4.47E+00,-2.17E+00,3.59E+00,4.19E-01,-4.26284,-1.7226,0.384033104,-0.503233155
L,1,5.86E+00,1.98E+01,0,1.48E+15,6.11E+00,1.98E+01,-4.38E+00,-2.36E+00,3.64E+00,4.10E-01,-5.27951,-1.8305,0.333747808,0.105734994
L,1,5.69E+00,1.96E+01,0,1.48E+15,5.67E+00,1.96E+01,-4.29E+00,-2.54E+00,3.68E+00,4.01E-01,-1.70298,-2.5509,0.982148075,-0.198764689
L,1,5.17E+00,1.94E+01,0,1.48E+15,5.25E+00,1.93E+01,-4.19E+00,-2.72E+00,3.72E+00,3.91E-01,-5.20677,-1.3583,0.25518458,-0.328073965
L,1,4.89E+00,1.90E+01,0,1.48E+15,4.84E+00,1.90E+01,-4.09E+00,-2.88E+00,3.76E+00,3.82E-01,-2.78721,-4.5767,1.023785495,-0.926150788
L,1,4.47E+00,1.88E+01,0,1.48E+15,4.43E+00,1.87E+01,-3.99E+00,-3.04E+00,3.79E+00,3.71E-01,-4.22993,-1.4805,0.336679979,-1.134745729
L,1,4.26E+00,1.85E+01,0,1.48E+15,4.04E+00,1.84E+01,-3.88E+00,-3.19E+00,3.83E+00,3.61E-01,-2.0581,-3.53,1.042947363,-0.756427253
L,1,3.46E+00,1.82E+01,0,1.48E+15,3.66E+00,1.81E+01,-3.77E+00,-3.34E+00,3.87E+00,3.51E-01,-8.03503,-3.1398,0.372518989,-0.06519184
L,1,3.13E+00,1.77E+01,0,1.48E+15,3.28E+00,1.77E+01,-3.66E+00,-3.47E+00,3.90E+00,3.40E-01,-3.33937,-4.1765,0.896322616,-0.217292587
L,1,2.94E+00,1.78E+01,0,1.48E+15,2.92E+00,1.74E+01,-3.55E+00,-3.60E+00,3.93E+00,3.29E-01,-1.80348,0.6604,-0.351016563,1.263330079
L,1,2.55E+00,1.71E+01,0,1.48E+15,2.57E+00,1.70E+01,-3.44E+00,-3.72E+00,3.97E+00,3.18E-01,-3.90832,-7.3004,1.079264831,1.312310783
L,1,2.25E+00,1.68E+01,0,1.48E+15,2.24E+00,1.66E+01,-3.32E+00,-3.84E+00,4.00E+00,3.06E-01,-3.00364,-2.5189,0.697847717,1.383802541
L,1,1.89E+00,1.61E+01,0,1.48E+15,1.91E+00,1.63E+01,-3.21E+00,-3.94E+00,4.03E+00,2.95E-01,-3.63989,-7.2805,1.107188276,1.437962112
L,1,1.45E+00,1.61E+01,0,1.48E+15,1.59E+00,1.59E+01,-3.10E+00,-4.04E+00,4.06E+00,2.83E-01,-4.42264,-0.2007,0.045349022,-1.460682508
L,1,1.18E+00,1.54E+01,0,1.48E+15,1.29E+00,1.54E+01,-2.99E+00,-4.13E+00,4.09E+00,2.71E-01,-2.63503,-6.5692,1.189325789,-1.2971427
L,1,7.23E-01,1.50E+01,0,1.48E+15,9.96E-01,1.50E+01,-2.89E+00,-4.22E+00,4.11E+00,2.59E-01,-4.612444,-4.2088,0.739671888,-0.873459912
L,1,7.37E-01,1.47E+01,0,1.48E+15,7.13E-01,1.46E+01,-2.78E+00,-4.30E+00,4.14E+00,2.47E-01,0.145949,-3.028,-1.522633799,0.243237676
L,1,2.53E-01,1.42E+01,0,1.48E+15,4.40E-01,1.42E+01,-2.68E+00,-4.37E+00,4.16E+00,2.34E-01,-4.838653,-5.0187,0.803661381,0.379963069
L,1,4.59E-01,1.37E+01,0,1.48E+15,1.78E-01,1.37E+01,-2.58E+00,-4.44E+00,4.19E+00,2.22E-01,2.057368,-5.1729,-1.192256642,-0.022356995
L,1,-1.90E-01,1.33E+01,0,1.48E+15,-7.58E-02,1.33E+01,-2.49E+00,-4.50E+00,4.21E+00,2.09E-01,-6.495163,-4,0.551987316,-0.136290502
L,1,4.62E-02,1.29E+01,0,1.48E+15,-3.20E-01,1.28E+01,-2.40E+00,-4.56E+00,4.23E+00,1.96E-01,2.3657515,-3.5545,-0.983556665,0.050234679
L,1,-4.76E-01,1.24E+01,0,1.48E+15,-5.55E-01,1.24E+01,-2.31E+00,-4.61E+00,4.25E+00,1.83E-01,-5.2271245,-5.668,0.825841492,0.271480811
L,1,-5.83E-01,1.20E+01,0,1.48E+15,-7.82E-01,1.19E+01,-2.23E+00,-4.65E+00,4.27E+00,1.70E-01,-1.061424,-3.2473,1.254879837,0.52640856
L,1,-1.17E+00,1.14E+01,0,1.48E+15,-1.00E+00,1.14E+01,-2.16E+00,-4.70E+00,4.28E+00,1.57E-01,-5.89492,-6.3982,0.826315286,0.577701601
L,1,-1.39E+00,1.10E+01,0,1.48E+15,-1.21E+00,1.10E+01,-2.09E+00,-4.73E+00,4.30E+00,1.43E-01,-2.2077,-3.5637,1.016164311,0.655384924
L,1,-1.50E+00,1.04E+01,0,1.48E+15,-1.42E+00,1.05E+01,-2.02E+00,-4.77E+00,4.31E+00,1.30E-01,-1.03981,-6.2257,1.405304888,-1.157356875
L,1,-1.62E+00,1.02E+01,0,1.48E+15,-1.62E+00,1.00E+01,-1.96E+00,-4.80E+00,4.32E+00,1.17E-01,-1.21882,-1.8246,0.981876065,-1.530144812
L,1,-1.73E+00,9.71E+00,0,1.48E+15,-1.81E+00,9.54E+00,-1.91E+00,-4.82E+00,4.34E+00,1.03E-01,-1.15064,-5.2389,1.354595254,-1.550830026
L,1,-1.94E+00,8.77E+00,0,1.48E+15,-2.00E+00,9.05E+00,-1.86E+00,-4.84E+00,4.35E+00,8.95E-02,-2.04515,-9.43185,1.357267431,1.360610547
L,1,-2.18E+00,8.54E+00,0,1.48E+15,-2.18E+00,8.57E+00,-1.82E+00,-4.86E+00,4.35E+00,7.58E-02,-2.38474,-2.29189,0.765546731,-1.523270251
L,1,-2.22E+00,8.15E+00,0,1.48E+15,-2.36E+00,8.08E+00,-1.79E+00,-4.88E+00,4.36E+00,6.21E-02,-0.41952,-3.87701,1.463008611,-0.678744241
L,1,-2.60E+00,7.60E+00,0,1.48E+15,-2.54E+00,7.59E+00,-1.76E+00,-4.89E+00,4.37E+00,4.83E-02,-3.77988,-5.50514,0.969114097,0.451179472
L,1,-2.80E+00,7.06E+00,0,1.48E+15,-2.72E+00,7.10E+00,-1.74E+00,-4.90E+00,4.37E+00,3.45E-02,-2.01909,-5.38877,1.212302059,0.065993681
L,1,-2.75E+00,6.87E+00,0,1.48E+15,-2.89E+00,6.61E+00,-1.72E+00,-4.91E+00,4.37E+00,2.07E-02,0.52143,-1.95336,-1.309938727,0.9340427
L,1,-2.90E+00,6.23E+00,0,1.48E+15,-3.06E+00,6.12E+00,-1.71E+00,-4.91E+00,4.38E+00,6.91E-03,-1.55658,-6.38782,1.331775275,1.132578676
L,1,-3.18E+00,5.53E+00,0,1.48E+15,-3.23E+00,5.63E+00,-1.71E+00,-4.91E+00,4.38E+00,-6.91E-03,-2.75639,-6.98873,1.195122518,0.464317491
L,1,-3.43E+00,5.11E+00,0,1.48E+15,-3.40E+00,5.14E+00,-1.72E+00,-4.91E+00,4.38E+00,-2.07E-02,-2.52504,-4.25943,1.035679096,1.486233149
L,1,-3.69E+00,4.52E+00,0,1.48E+15,-3.58E+00,4.65E+00,-1.73E+00,-4.90E+00,4.37E+00,-3.45E-02,-2.64042,-5.83107,1.145600491,1.497514033
L,1,-4.00E+00,4.05E+00,0,1.48E+15,-3.75E+00,4.16E+00,-1.75E+00,-4.89E+00,4.37E+00,-4.83E-02,-3.08032,-4.75127,0.995606495,-1.183935318
L,1,-3.88E+00,3.75E+00,0,1.48E+15,-3.93E+00,3.67E+00,-1.77E+00,-4.88E+00,4.36E+00,-6.21E-02,1.21851,-2.95065,-1.179164929,0.396660927
L,1,-4.15E+00,3.22E+00,0,1.48E+15,-4.11E+00,3.18E+00,-1.80E+00,-4.87E+00,4.36E+00,-7.58E-02,-2.7066,-5.32089,1.100233382,0.543257211
L,1,-4.32E+00,2.55E+00,0,1.48E+15,-4.29E+00,2.70E+00,-1.84E+00,-4.85E+00,4.35E+00,-8.95E-02,-1.73316,-6.69344,1.317426916,-0.953909165
L,1,-4.61E+00,2.09E+00,0,1.48E+15,-4.47E+00,2.21E+00,-1.88E+00,-4.83E+00,4.34E+00,-1.03E-01,-2.87722,-4.58422,1.010303942,-1.073799781
L,1,-4.87E+00,1.53E+00,0,1.48E+15,-4.66E+00,1.73E+00,-1.93E+00,-4.81E+00,4.33E+00,-1.17E-01,-2.56059,-5.57498,1.140235238,-1.261471742
L,1,-4.67E+00,1.29E+00,0,1.48E+15,-4.86E+00,1.25E+00,-1.99E+00,-4.78E+00,4.32E+00,-1.30E-01,2.00501,-2.47991,-0.890893231,0.595746727
L,1,-4.85E+00,8.26E-01,0,1.48E+15,-5.06E+00,7.74E-01,-2.05E+00,-4.75E+00,4.30E+00,-1.43E-01,-1.87193,-4.607655,1.184900588,0.501937362
L,1,-5.12E+00,2.57E-01,0,1.48E+15,-5.27E+00,3.01E-01,-2.12E+00,-4.71E+00,4.29E+00,-1.57E-01,-2.68115,-5.683504,1.130009227,0.925908661
L,1,-5.30E+00,-2.13E-01,0,1.48E+15,-5.49E+00,-1.69E-01,-2.19E+00,-4.67E+00,4.27E+00,-1.70E-01,-1.76627,-4.702928,1.21152764,0.820044028
L,1,-5.85E+00,-4.46E-01,0,1.48E+15,-5.71E+00,-6.34E-01,-2.27E+00,-4.63E+00,4.26E+00,-1.83E-01,-5.53863,-2.328194,0.39793021,-0.561835065
L,1,-5.88E+00,-1.27E+00,0,1.48E+15,-5.94E+00,-1.09E+00,-2.35E+00,-4.58E+00,4.24E+00,-1.96E-01,-0.24768,-8.228289,1.54070438,-0.83977597
L,1,-6.27E+00,-1.51E+00,0,1.48E+15,-6.18E+00,-1.55E+00,-2.44E+00,-4.53E+00,4.22E+00,-2.09E-01,-3.94281,-2.40749,0.54817907,-1.005170211
L,1,-6.34E+00,-2.14E+00,0,1.48E+15,-6.43E+00,-2.00E+00,-2.53E+00,-4.47E+00,4.20E+00,-2.22E-01,-0.67435,-6.27468,1.463735638,-0.869108942
L,1,-6.79E+00,-2.45E+00,0,1.48E+15,-6.69E+00,-2.44E+00,-2.63E+00,-4.40E+00,4.17E+00,-2.34E-01,-4.52806,-3.0895,0.598748436,-0.690705586
L,1,-6.80E+00,-3.10E+00,0,1.48E+15,-6.96E+00,-2.88E+00,-2.73E+00,-4.33E+00,4.15E+00,-2.47E-01,-0.07422,-6.55066,1.559466656,-0.660632052
L,1,-7.12E+00,-3.26E+00,0,1.48E+15,-7.23E+00,-3.31E+00,-2.83E+00,-4.26E+00,4.13E+00,-2.59E-01,-3.2088,-1.63474,0.471183164,-1.003160209
L,1,-7.49E+00,-3.49E+00,0,1.48E+15,-7.52E+00,-3.73E+00,-2.94E+00,-4.17E+00,4.10E+00,-2.71E-01,-3.68915,-2.26476,0.550575637,0.919383499
L,1,-7.88E+00,-4.30E+00,0,1.48E+15,-7.82E+00,-4.15E+00,-3.04E+00,-4.08E+00,4.07E+00,-2.83E-01,-3.90396,-8.07013,1.120229548,1.533811252
L,1,-8.22E+00,-4.80E+00,0,1.48E+15,-8.13E+00,-4.55E+00,-3.15E+00,-3.99E+00,4.04E+00,-2.95E-01,-3.44433,-5.00299,0.967861254,1.422047
L,1,-8.34E+00,-5.11E+00,0,1.48E+15,-8.45E+00,-4.94E+00,-3.27E+00,-3.89E+00,4.01E+00,-3.06E-01,-1.106,-3.07774,1.225812224,0.688813902
L,1,-8.91E+00,-5.52E+00,0,1.48E+15,-8.78E+00,-5.33E+00,-3.38E+00,-3.78E+00,3.98E+00,-3.18E-01,-5.79251,-4.11625,0.617815287,0.218071734
L,1,-9.03E+00,-5.80E+00,0,1.48E+15,-9.13E+00,-5.70E+00,-3.49E+00,-3.66E+00,3.95E+00,-3.29E-01,-1.19138,-2.85141,1.175021731,0.26827109
L,1,-9.31E+00,-5.82E+00,0,1.48E+15,-9.48E+00,-6.06E+00,-3.60E+00,-3.54E+00,3.92E+00,-3.40E-01,-2.74202,-0.21015,0.076491049,-1.03992844
L,1,-9.63E+00,-6.56E+00,0,1.48E+15,-9.85E+00,-6.41E+00,-3.71E+00,-3.40E+00,3.88E+00,-3.51E-01,-3.17359,-7.35896,1.163639395,1.510500017
L,1,-1.02E+01,-6.83E+00,0,1.48E+15,-1.02E+01,-6.74E+00,-3.82E+00,-3.26E+00,3.85E+00,-3.61E-01,-5.99108,-2.74447,0.4295634,-1.022637707
L,1,-1.08E+01,-7.29E+00,0,1.48E+15,-1.06E+01,-7.06E+00,-3.93E+00,-3.12E+00,3.81E+00,-3.71E-01,-5.3704,-4.57563,0.70565933,-1.243995244
L,1,-1.12E+01,-7.57E+00,0,1.48E+15,-1.10E+01,-7.36E+00,-4.04E+00,-2.96E+00,3.77E+00,-3.82E-01,-4.6029,-2.78208,0.543662397,1.16645309
L,1,-1.11E+01,-7.68E+00,0,1.48E+15,-1.14E+01,-7.65E+00,-4.14E+00,-2.80E+00,3.74E+00,-3.91E-01,1.2847,-1.07808,-0.698172217,0.281724027
L,1,-1.15E+01,-7.82E+00,0,1.48E+15,-1.18E+01,-7.92E+00,-4.24E+00,-2.63E+00,3.70E+00,-4.01E-01,-4.3344,-1.43902,0.320549909,0.064146359
L,1,-1.21E+01,-8.09E+00,0,1.48E+15,-1.23E+01,-8.18E+00,-4.33E+00,-2.45E+00,3.66E+00,-4.10E-01,-5.6315,-2.66779,0.442408648,0.758352694
L,1,-1.24E+01,-8.26E+00,0,1.48E+15,-1.27E+01,-8.41E+00,-4.42E+00,-2.26E+00,3.61E+00,-4.19E-01,-3.3307,-1.71621,0.4757889,0.392163799
L,1,-1.33E+01,-8.65E+00,0,1.48E+15,-1.32E+01,-8.63E+00,-4.50E+00,-2.07E+00,3.57E+00,-4.28E-01,-8.6801,-3.86038,0.418470369,0.381216857
L,1,-1.34E+01,-8.58E+00,0,1.48E+15,-1.36E+01,-8.83E+00,-4.58E+00,-1.87E+00,3.53E+00,-4.37E-01,-0.929,0.70113,-0.646511725,0.531919519
L,1,-1.40E+01,-8.99E+00,0,1.48E+15,-1.41E+01,-9.00E+00,-4.65E+00,-1.67E+00,3.49E+00,-4.45E-01,-6.119,-4.16809,0.59797748,0.753519814
L,1,-1.44E+01,-9.19E+00,0,1.48E+15,-1.45E+01,-9.16E+00,-4.71E+00,-1.45E+00,3.44E+00,-4.53E-01,-4.3135,-1.94863,0.424309502,0.88788604
L,1,-1.51E+01,-9.04E+00,0,1.48E+15,-1.50E+01,-9.29E+00,-4.76E+00,-1.24E+00,3.40E+00,-4.61E-01,-6.3477,1.43539,-0.222387424,-1.02955416
L,1,-1.57E+01,-9.57E+00,0,1.48E+15,-1.55E+01,-9.41E+00,-4.80E+00,-1.01E+00,3.35E+00,-4.68E-01,-6.0619,-5.23531,0.71236069,-1.527978434
L,1,-1.61E+01,-9.60E+00,0,1.48E+15,-1.60E+01,-9.50E+00,-4.84E+00,-7.84E-01,3.30E+00,-4.75E-01,-4.1801,-0.30693,0.07329494,1.206051789
L,1,-1.64E+01,-9.37E+00,0,1.48E+15,-1.65E+01,-9.56E+00,-4.86E+00,-5.52E-01,3.25E+00,-4.82E-01,-3.3663,2.27894,-0.595113186,1.265899046
L,1,-1.71E+01,-9.43E+00,0,1.48E+15,-1.69E+01,-9.61E+00,-4.87E+00,-3.16E-01,3.21E+00,-4.88E-01,-6.9033,-0.60142,0.086901235,0.683430588
L,1,-1.75E+01,-9.57E+00,0,1.48E+15,-1.74E+01,-9.63E+00,-4.88E+00,-7.65E-02,3.16E+00,-4.95E-01,-4.3161,-1.44414,0.322884483,-0.314888993
L,1,-1.80E+01,-9.42E+00,0,1.48E+15,-1.79E+01,-9.62E+00,-4.87E+00,1.65E-01,3.11E+00,-5.01E-01,-4.2764,1.51863,-0.341227692,1.557397506
L,1,-1.83E+01,-9.61E+00,0,1.48E+15,-1.84E+01,-9.59E+00,-4.84E+00,4.08E-01,3.06E+00,-5.06E-01,-3.0381,-1.86988,0.551721828,-1.220432498
L,1,-1.90E+01,-9.52E+00,0,1.48E+15,-1.89E+01,-9.54E+00,-4.81E+00,6.53E-01,3.01E+00,-5.11E-01,-6.7823,0.94528,-0.138482461,-0.644698259
L,1,-1.93E+01,-9.10E+00,0,1.48E+15,-1.94E+01,-9.46E+00,-4.76E+00,8.97E-01,2.96E+00,-5.16E-01,-3.4382,4.16793,-0.881045144,0.766905583
L,1,-1.99E+01,-8.96E+00,0,1.48E+15,-1.98E+01,-9.36E+00,-4.70E+00,1.14E+00,2.90E+00,-5.21E-01,-5.7483,1.3448,-0.229814241,0.885010302
L,1,-2.02E+01,-9.60E+00,0,1.48E+15,-2.03E+01,-9.23E+00,-4.63E+00,1.38E+00,2.85E+00,-5.25E-01,-2.8761,-6.3246,1.144000879,-1.212462976
L,1,-2.07E+01,-8.92E+00,0,1.48E+15,-2.08E+01,-9.08E+00,-4.55E+00,1.62E+00,2.80E+00,-5.29E-01,-4.9882,6.81358,-0.938852081,-1.411399664
L,1,-2.10E+01,-8.85E+00,0,1.48E+15,-2.12E+01,-8.91E+00,-4.45E+00,1.86E+00,2.75E+00,-5.33E-01,-3.5998,0.64459,-0.17718493,-1.349423679
L,1,-2.15E+01,-8.87E+00,0,1.48E+15,-2.17E+01,-8.71E+00,-4.34E+00,2.09E+00,2.69E+00,-5.36E-01,-4.8332,-0.21098,0.043624544,0.606463585
L,1,-2.20E+01,-8.57E+00,0,1.48E+15,-2.21E+01,-8.49E+00,-4.22E+00,2.32E+00,2.64E+00,-5.39E-01,-4.7648,3.01025,-0.56345167,1.549565392
L,1,-2.26E+01,-8.35E+00,0,1.48E+15,-2.25E+01,-8.25E+00,-4.09E+00,2.54E+00,2.58E+00,-5.42E-01,-6.0446,2.17932,-0.346033531,0.57585871
L,1,-2.30E+01,-7.67E+00,0,1.48E+15,-2.29E+01,-7.98E+00,-3.94E+00,2.76E+00,2.53E+00,-5.44E-01,-4.0229,6.80554,-1.036930824,1.158798037
L,1,-2.35E+01,-7.57E+00,0,1.48E+15,-2.33E+01,-7.70E+00,-3.78E+00,2.97E+00,2.48E+00,-5.46E-01,-4.9163,1.06571,-0.213468049,1.416386111
L,1,-2.35E+01,-7.36E+00,0,1.48E+15,-2.37E+01,-7.39E+00,-3.61E+00,3.17E+00,2.42E+00,-5.47E-01,-0.6305,2.05139,-1.272607775,0.226056421
L,1,-2.39E+01,-7.26E+00,0,1.48E+15,-2.40E+01,-7.06E+00,-3.43E+00,3.36E+00,2.37E+00,-5.48E-01,-3.976,0.98985,-0.243996057,0.307255316
L,1,-2.43E+01,-6.44E+00,0,1.48E+15,-2.43E+01,-6.72E+00,-3.24E+00,3.54E+00,2.31E+00,-5.49E-01,-3.1899,8.26505,-1.202459968,1.463161904
L,1,-2.43E+01,-6.44E+00,0,1.48E+15,-2.47E+01,-6.36E+00,-3.04E+00,3.71E+00,2.26E+00,-5.50E-01,-0.4339,-0.02786,0.064120323,-1.249947174
L,1,-2.51E+01,-5.92E+00,0,1.48E+15,-2.50E+01,-5.98E+00,-2.83E+00,3.87E+00,2.20E+00,-5.50E-01,-8.4521,5.18969,-0.550658714,-0.576876552
L,1,-2.52E+01,-5.64E+00,0,1.48E+15,-2.52E+01,-5.58E+00,-2.62E+00,4.02E+00,2.15E+00,-5.50E-01,-0.4813,2.75297,-1.397716229,-0.296683242
L,1,-2.56E+01,-5.10E+00,0,1.48E+15,-2.55E+01,-5.17E+00,-2.39E+00,4.16E+00,2.09E+00,-5.49E-01,-3.7716,5.41315,-0.962256427,-0.679897358
L,1,-2.57E+01,-4.90E+00,0,1.48E+15,-2.57E+01,-4.75E+00,-2.16E+00,4.29E+00,2.04E+00,-5.48E-01,-1.2392,2.02458,-1.02154356,-0.929002425
L,1,-2.60E+01,-4.27E+00,0,1.48E+15,-2.59E+01,-4.31E+00,-1.92E+00,4.40E+00,1.98E+00,-5.47E-01,-2.564,6.3336,-1.186137348,-1.2725205
L,1,-2.61E+01,-3.68E+00,0,1.48E+15,-2.61E+01,-3.87E+00,-1.68E+00,4.50E+00,1.93E+00,-5.46E-01,-1.6823,5.89357,-1.292744093,-0.462903315
L,1,-2.60E+01,-3.25E+00,0,1.48E+15,-2.62E+01,-3.41E+00,-1.43E+00,4.59E+00,1.87E+00,-5.44E-01,1.2244,4.30012,1.293401132,-0.501459425
L,1,-2.62E+01,-2.88E+00,0,1.48E+15,-2.64E+01,-2.95E+00,-1.18E+00,4.66E+00,1.82E+00,-5.42E-01,-1.7675,3.68366,-1.123421275,0.20319931
L,1,-2.67E+01,-2.74E+00,0,1.48E+15,-2.65E+01,-2.48E+00,-9.28E-01,4.73E+00,1.76E+00,-5.39E-01,-4.9992,1.40335,-0.27367152,0.614479118
L,1,-2.67E+01,-2.17E+00,0,1.48E+15,-2.66E+01,-2.01E+00,-6.73E-01,4.77E+00,1.71E+00,-5.36E-01,0.049,5.6519,1.562126893,0.699595419
L,1,-2.65E+01,-1.53E+00,0,1.48E+15,-2.66E+01,-1.53E+00,-4.18E-01,4.81E+00,1.66E+00,-5.33E-01,2.0203,6.41256,1.265586757,0.36826387
L,1,-2.66E+01,-1.14E+00,0,1.48E+15,-2.66E+01,-1.05E+00,-1.62E-01,4.83E+00,1.60E+00,-5.29E-01,-1.3265,3.89307,-1.242400328,0.645294318
L,1,-2.67E+01,-5.95E-01,0,1.48E+15,-2.66E+01,-5.63E-01,9.35E-02,4.83E+00,1.55E+00,-5.25E-01,-1.3571,5.473758,-1.327768364,-1.551440086
L,1,-2.65E+01,6.03E-02,0,1.48E+15,-2.66E+01,-7.97E-02,3.47E-01,4.83E+00,1.50E+00,-5.21E-01,2.8013,6.5565548,1.167019911,0.254731308
L,1,-2.66E+01,5.76E-01,0,1.48E+15,-2.66E+01,4.02E-01,5.98E-01,4.81E+00,1.45E+00,-5.16E-01,-1.6481,5.1561492,-1.261422006,0.304924572
L,1,-2.67E+01,1.06E+00,0,1.48E+15,-2.65E+01,8.82E-01,8.46E-01,4.78E+00,1.40E+00,-5.11E-01,-1.0915,4.849448,-1.34940844,-0.503630763
L,1,-2.64E+01,1.42E+00,0,1.48E+15,-2.64E+01,1.36E+00,1.09E+00,4.74E+00,1.34E+00,-5.06E-01,3.3067,3.61298,0.829631454,-0.274056673
L,1,-2.64E+01,1.79E+00,0,1.48E+15,-2.63E+01,1.83E+00,1.33E+00,4.68E+00,1.29E+00,-5.01E-01,0.3918,3.71027,1.465587452,-0.033364402
L,1,-2.63E+01,2.18E+00,0,1.48E+15,-2.61E+01,2.29E+00,1.56E+00,4.62E+00,1.24E+00,-4.95E-01,1.0926,3.91659,1.29874563,0.286317177
L,1,-2.61E+01,2.81E+00,0,1.48E+15,-2.60E+01,2.75E+00,1.79E+00,4.54E+00,1.19E+00,-4.88E-01,1.8606,6.22198,1.280223582,1.249226664
L,1,-2.58E+01,3.42E+00,0,1.48E+15,-2.58E+01,3.20E+00,2.02E+00,4.46E+00,1.15E+00,-4.82E-01,2.2964,6.13047,1.212386982,-0.206974612
L,1,-2.57E+01,3.64E+00,0,1.48E+15,-2.56E+01,3.64E+00,2.23E+00,4.36E+00,1.10E+00,-4.75E-01,1.6787,2.15032,0.907950807,1.416829455
L,1,-2.57E+01,4.00E+00,0,1.48E+15,-2.53E+01,4.07E+00,2.44E+00,4.26E+00,1.05E+00,-4.68E-01,-0.8263,3.64589,-1.347922635,-0.538235714
L,1,-2.50E+01,4.53E+00,0,1.48E+15,-2.51E+01,4.49E+00,2.64E+00,4.15E+00,1.00E+00,-4.61E-01,7.2781,5.28351,0.627928205,0.199380869
L,1,-2.50E+01,4.88E+00,0,1.48E+15,-2.48E+01,4.90E+00,2.83E+00,4.03E+00,9.58E-01,-4.53E-01,-0.1488,3.56967,-1.52913592,0.226791178
L,1,-2.45E+01,5.35E+00,0,1.48E+15,-2.45E+01,5.30E+00,3.02E+00,3.91E+00,9.13E-01,-4.45E-01,5.3217,4.67935,0.721258009,0.200132518
L,1,-2.41E+01,5.61E+00,0,1.48E+15,-2.42E+01,5.68E+00,3.19E+00,3.78E+00,8.69E-01,-4.37E-01,3.8824,2.58593,0.587585815,0.968485059
L,1,-2.39E+01,5.94E+00,0,1.48E+15,-2.39E+01,6.06E+00,3.36E+00,3.64E+00,8.25E-01,-4.28E-01,2.006,3.32252,1.027617737,-0.37407175
L,1,-2.36E+01,6.29E+00,0,1.48E+15,-2.35E+01,6.41E+00,3.52E+00,3.50E+00,7.83E-01,-4.19E-01,2.6821,3.47247,0.913119132,0.218253898
L,1,-2.30E+01,6.86E+00,0,1.48E+15,-2.32E+01,6.76E+00,3.67E+00,3.36E+00,7.41E-01,-4.10E-01,6.3721,5.70802,0.730480476,0.544702636
L,1,-2.27E+01,7.06E+00,0,1.48E+15,-2.28E+01,7.08E+00,3.81E+00,3.21E+00,7.00E-01,-4.01E-01,3.1076,2.01181,0.574533888,0.847339795
L,1,-2.25E+01,7.32E+00,0,1.48E+15,-2.24E+01,7.40E+00,3.95E+00,3.07E+00,6.60E-01,-3.91E-01,1.908,2.52239,0.923195595,-0.402400085
L,1,-2.22E+01,7.69E+00,0,1.48E+15,-2.20E+01,7.70E+00,4.07E+00,2.92E+00,6.22E-01,-3.82E-01,3.1363,3.79542,0.880200637,0.803278744
L,1,-2.16E+01,7.94E+00,0,1.48E+15,-2.16E+01,7.98E+00,4.19E+00,2.77E+00,5.84E-01,-3.71E-01,5.4742,2.45216,0.421146637,-0.521502316
L,1,-2.11E+01,7.83E+00,0,1.48E+15,-2.12E+01,8.25E+00,4.29E+00,2.61E+00,5.47E-01,-3.61E-01,5.6202,-1.07705,-0.189343448,-1.529450871
L,1,-2.11E+01,8.51E+00,0,1.48E+15,-2.07E+01,8.50E+00,4.39E+00,2.46E+00,5.11E-01,-3.51E-01,0.3332,6.77539,1.521657934,-0.978219657
L,1,-2.02E+01,8.69E+00,0,1.48E+15,-2.03E+01,8.74E+00,4.49E+00,2.31E+00,4.76E-01,-3.40E-01,8.4193,1.79306,0.209835234,-0.552217068
L,1,-2.01E+01,8.87E+00,0,1.48E+15,-1.98E+01,8.97E+00,4.57E+00,2.17E+00,4.42E-01,-3.29E-01,1.4674,1.78096,0.881628727,0.00174053
L,1,-1.95E+01,8.97E+00,0,1.48E+15,-1.94E+01,9.17E+00,4.65E+00,2.02E+00,4.10E-01,-3.18E-01,5.7718,0.99409,0.170558887,-0.180809508
L,1,-1.87E+01,9.19E+00,0,1.48E+15,-1.89E+01,9.37E+00,4.72E+00,1.88E+00,3.78E-01,-3.06E-01,8.0745,2.25262,0.272062146,0.500187027
L,1,-1.84E+01,9.47E+00,0,1.48E+15,-1.84E+01,9.55E+00,4.78E+00,1.73E+00,3.48E-01,-2.95E-01,2.5446,2.76613,0.827087657,-0.092595088
L,1,-1.78E+01,9.72E+00,0,1.48E+15,-1.80E+01,9.72E+00,4.84E+00,1.60E+00,3.19E-01,-2.83E-01,6.5053,2.56256,0.375252999,-0.051352293
L,1,-1.73E+01,9.88E+00,0,1.48E+15,-1.75E+01,9.87E+00,4.89E+00,1.46E+00,2.91E-01,-2.71E-01,4.3006,1.56317,0.348630412,0.425594625
L,1,-1.69E+01,1.01E+01,0,1.48E+15,-1.70E+01,1.00E+01,4.93E+00,1.33E+00,2.64E-01,-2.59E-01,4.5602,2.63897,0.524607568,1.334014201
L,1,-1.65E+01,1.03E+01,0,1.48E+15,-1.65E+01,1.01E+01,4.97E+00,1.21E+00,2.38E-01,-2.47E-01,3.7223,1.6413,0.41529167,0.872220428
L,1,-1.60E+01,1.02E+01,0,1.48E+15,-1.60E+01,1.03E+01,5.01E+00,1.09E+00,2.14E-01,-2.34E-01,5.0938,-1.2482,-0.240307831,-1.12763393
L,1,-1.56E+01,1.02E+01,0,1.48E+15,-1.55E+01,1.04E+01,5.04E+00,9.75E-01,1.91E-01,-2.22E-01,4.3608,0.061,0.013987347,-1.060396393
L,1,-1.49E+01,1.05E+01,0,1.48E+15,-1.50E+01,1.04E+01,5.07E+00,8.66E-01,1.69E-01,-2.09E-01,6.3339,2.8178,0.41858463,0.949597011
L,1,-1.44E+01,1.02E+01,0,1.48E+15,-1.45E+01,1.05E+01,5.09E+00,7.62E-01,1.49E-01,-1.96E-01,5.2765,-2.5017,-0.442730991,1.374575965
L,1,-1.38E+01,1.09E+01,0,1.48E+15,-1.40E+01,1.06E+01,5.11E+00,6.65E-01,1.29E-01,-1.83E-01,6.0397,7.1632,0.870288597,1.491993695
L,1,-1.34E+01,1.06E+01,0,1.48E+15,-1.35E+01,1.07E+01,5.13E+00,5.74E-01,1.11E-01,-1.70E-01,4.4926,-3.8663,-0.710611776,1.431436294
L,1,-1.30E+01,1.10E+01,0,1.48E+15,-1.29E+01,1.07E+01,5.14E+00,4.89E-01,9.47E-02,-1.57E-01,3.9654,4.5819,0.857401512,-1.508473317
L,1,-1.24E+01,1.06E+01,0,1.48E+15,-1.24E+01,1.08E+01,5.16E+00,4.10E-01,7.93E-02,-1.43E-01,5.8773,-4.0075,-0.598447931,-1.351778551
L,1,-1.19E+01,1.11E+01,0,1.48E+15,-1.19E+01,1.08E+01,5.17E+00,3.38E-01,6.53E-02,-1.30E-01,4.2624,4.4236,0.803954633,-1.381547645
L,1,-1.15E+01,1.09E+01,0,1.48E+15,-1.14E+01,1.08E+01,5.17E+00,2.73E-01,5.27E-02,-1.17E-01,4.9026,-1.1083,-0.222326677,-1.455580099
L,1,-1.06E+01,1.07E+01,0,1.48E+15,-1.09E+01,1.09E+01,5.18E+00,2.14E-01,4.13E-02,-1.03E-01,8.5397,-2.5842,-0.293849715,-0.385488051
L,1,-1.04E+01,1.09E+01,0,1.48E+15,-1.04E+01,1.09E+01,5.19E+00,1.63E-01,3.14E-02,-8.95E-02,1.8663,1.924,0.800620057,-0.594125833
L,1,-9.83E+00,1.11E+01,0,1.48E+15,-9.84E+00,1.09E+01,5.19E+00,1.18E-01,2.28E-02,-7.58E-02,5.79784,2.2856,0.375510054,0.091716102
L,1,-9.31E+00,1.10E+01,0,1.48E+15,-9.32E+00,1.09E+01,5.19E+00,8.07E-02,1.55E-02,-6.21E-02,5.27844,-0.6845,-0.1289588,1.397670719
L,1,-8.79E+00,1.11E+01,0,1.48E+15,-8.80E+00,1.09E+01,5.20E+00,5.02E-02,9.67E-03,-4.83E-02,5.17616,0.359,0.069245545,-1.473092126
L,1,-8.62E+00,1.07E+01,0,1.48E+15,-8.28E+00,1.09E+01,5.20E+00,2.69E-02,5.18E-03,-3.45E-02,1.68541,-4.13,-1.183335678,0.909849555
L,1,-7.52E+00,1.10E+01,0,1.48E+15,-7.76E+00,1.09E+01,5.20E+00,1.08E-02,2.07E-03,-2.07E-02,11.00733,3.4279,0.301900427,0.681271461
L,1,-7.16E+00,1.08E+01,0,1.48E+15,-7.24E+00,1.09E+01,5.20E+00,1.80E-03,3.46E-04,-6.91E-03,3.63398,-1.8541,-0.47178375,0.621624072
R,2,1.01E+00,5.54E-01,4.89E+00,1.48E+15,8.60E-01,6.00E-01,5.20E+00,1.80E-03,3.46E-04,1.38E-02,4.16E+00,2.57E+00,0.554,0.554
R,2,1.05E+00,3.89E-01,4.51E+00,1.48E+15,1.38E+00,6.01E-01,5.20E+00,1.08E-02,2.07E-03,2.76E-02,4.17E+00,1.71E+00,-0.86864631,-1.554019921
R,2,1.70E+00,2.98E-01,5.21E+00,1.48E+15,1.90E+00,6.02E-01,5.20E+00,2.69E-02,5.18E-03,4.14E-02,4.98E+00,1.53E+00,0.153198072,-0.220286072
R,2,2.04E+00,2.76E-01,5.04E+00,1.48E+15,2.42E+00,6.06E-01,5.20E+00,5.02E-02,9.67E-03,5.52E-02,4.85E+00,1.37E+00,0.166580576,0.872641853
R,2,2.99E+00,2.18E-01,5.19E+00,1.48E+15,2.94E+00,6.13E-01,5.19E+00,8.07E-02,1.55E-02,6.89E-02,5.07E+00,1.12E+00,0.094600495,-0.855781862
R,2,3.59E+00,1.35E-01,5.16E+00,1.48E+15,3.46E+00,6.23E-01,5.19E+00,1.18E-01,2.28E-02,8.26E-02,5.11E+00,6.94E-01,-0.250817364,-1.463987774
R,2,4.26E+00,1.65E-01,5.43E+00,1.48E+15,3.98E+00,6.37E-01,5.19E+00,1.63E-01,3.14E-02,9.63E-02,5.36E+00,8.92E-01,0.323982455,0.681829682
R,2,4.67E+00,1.48E-01,5.12E+00,1.48E+15,4.50E+00,6.55E-01,5.18E+00,2.14E-01,4.13E-02,1.10E-01,5.06E+00,7.55E-01,-0.026565781,0.43809422
R,2,5.25E+00,1.27E-01,4.83E+00,1.48E+15,5.01E+00,6.80E-01,5.17E+00,2.73E-01,5.27E-02,1.23E-01,4.79E+00,6.12E-01,-0.040198496,0.48329623
R,2,5.27E+00,1.22E-01,5.42E+00,1.48E+15,5.53E+00,7.10E-01,5.16E+00,3.38E-01,6.53E-02,1.37E-01,5.38E+00,6.60E-01,-0.796137725,0.081094985
R,2,5.91E+00,6.33E-02,4.88E+00,1.48E+15,6.05E+00,7.48E-01,5.15E+00,4.10E-01,7.93E-02,1.50E-01,4.87E+00,3.09E-01,-0.381228708,0.60312681
R,2,6.67E+00,1.26E-01,5.01E+00,1.48E+15,6.56E+00,7.93E-01,5.14E+00,4.88E-01,9.47E-02,1.63E-01,4.97E+00,6.30E-01,0.57345671,1.268542958
R,2,7.32E+00,8.63E-02,4.65E+00,1.48E+15,7.07E+00,8.46E-01,5.13E+00,5.73E-01,1.11E-01,1.77E-01,4.63E+00,4.01E-01,-0.297658021,0.59562318
R,2,8.12E+00,1.01E-01,5.46E+00,1.48E+15,7.59E+00,9.07E-01,5.11E+00,6.65E-01,1.29E-01,1.90E-01,5.43E+00,5.51E-01,0.234567321,0.18513446
R,2,8.45E+00,1.05E-01,4.75E+00,1.48E+15,8.10E+00,9.79E-01,5.09E+00,7.62E-01,1.49E-01,2.02E-01,4.72E+00,4.98E-01,0.203088809,0.074247324
R,2,8.58E+00,1.65E-01,5.58E+00,1.48E+15,8.60E+00,1.06E+00,5.07E+00,8.65E-01,1.69E-01,2.15E-01,5.50E+00,9.17E-01,1.456702785,0.492442269
R,2,9.95E+00,1.15E-01,5.24E+00,1.48E+15,9.11E+00,1.15E+00,5.04E+00,9.74E-01,1.91E-01,2.28E-01,5.21E+00,6.01E-01,-0.186132351,0.812146565
R,2,1.02E+01,1.50E-01,5.31E+00,1.48E+15,9.61E+00,1.26E+00,5.01E+00,1.09E+00,2.14E-01,2.40E-01,5.25E+00,7.94E-01,1.086624761,1.340928808
R,2,1.07E+01,1.62E-01,4.81E+00,1.48E+15,1.01E+01,1.37E+00,4.97E+00,1.21E+00,2.38E-01,2.53E-01,4.75E+00,7.76E-01,0.401734294,0.035150322
R,2,1.10E+01,1.55E-01,4.56E+00,1.48E+15,1.06E+01,1.50E+00,4.93E+00,1.33E+00,2.64E-01,2.65E-01,4.51E+00,7.04E-01,-0.089457799,0.288935745
R,2,1.16E+01,1.24E-01,5.14E+00,1.48E+15,1.11E+01,1.64E+00,4.88E+00,1.46E+00,2.91E-01,2.77E-01,5.10E+00,6.36E-01,-0.388982296,-0.114160641
R,2,1.16E+01,1.33E-01,4.87E+00,1.48E+15,1.16E+01,1.79E+00,4.83E+00,1.60E+00,3.19E-01,2.89E-01,4.83E+00,6.46E-01,-1.442296327,-0.036811931
R,2,1.23E+01,1.75E-01,5.28E+00,1.48E+15,1.21E+01,1.96E+00,4.78E+00,1.73E+00,3.48E-01,3.01E-01,5.20E+00,9.19E-01,0.776114098,0.633483464
R,2,1.27E+01,1.41E-01,5.32E+00,1.48E+15,1.25E+01,2.14E+00,4.71E+00,1.87E+00,3.78E-01,3.12E-01,5.27E+00,7.48E-01,-0.657740005,-1.194382806
R,2,1.35E+01,1.99E-01,5.45E+00,1.48E+15,1.30E+01,2.33E+00,4.64E+00,2.02E+00,4.10E-01,3.23E-01,5.34E+00,1.08E+00,0.929771341,1.346479843
R,2,1.31E+01,2.41E-01,4.51E+00,1.48E+15,1.35E+01,2.54E+00,4.57E+00,2.16E+00,4.42E-01,3.34E-01,4.38E+00,1.08E+00,-0.729432037,0.001025056
R,2,1.41E+01,1.96E-01,4.81E+00,1.48E+15,1.39E+01,2.76E+00,4.48E+00,2.31E+00,4.76E-01,3.45E-01,4.72E+00,9.37E-01,-0.330771483,-0.391633759
R,2,1.48E+01,1.95E-01,5.23E+00,1.48E+15,1.44E+01,3.00E+00,4.39E+00,2.46E+00,5.11E-01,3.56E-01,5.13E+00,1.01E+00,0.174860073,0.183548187
R,2,1.52E+01,2.64E-01,5.16E+00,1.48E+15,1.48E+01,3.26E+00,4.29E+00,2.61E+00,5.47E-01,3.66E-01,4.98E+00,1.35E+00,1.43163832,-1.148515521
R,2,1.59E+01,2.64E-01,4.67E+00,1.48E+15,1.52E+01,3.53E+00,4.18E+00,2.76E+00,5.84E-01,3.77E-01,4.51E+00,1.22E+00,0.264,0.264
R,2,1.61E+01,2.14E-01,4.79E+00,1.48E+15,1.56E+01,3.81E+00,4.07E+00,2.91E+00,6.22E-01,3.86E-01,4.68E+00,1.02E+00,-1.086866686,-0.862330666
R,2,1.69E+01,2.53E-01,4.41E+00,1.48E+15,1.60E+01,4.11E+00,3.94E+00,3.06E+00,6.60E-01,3.96E-01,4.27E+00,1.10E+00,0.910964847,-0.207632782
R,2,1.73E+01,2.61E-01,4.73E+00,1.48E+15,1.64E+01,4.42E+00,3.81E+00,3.21E+00,7.00E-01,4.06E-01,4.57E+00,1.22E+00,0.586531803,0.370757355
R,2,1.77E+01,2.93E-01,3.91E+00,1.48E+15,1.68E+01,4.75E+00,3.67E+00,3.36E+00,7.41E-01,4.15E-01,3.74E+00,1.13E+00,1.227587203,0.109971073
R,2,1.80E+01,2.62E-01,4.23E+00,1.48E+15,1.72E+01,5.09E+00,3.52E+00,3.50E+00,7.83E-01,4.24E-01,4.09E+00,1.10E+00,-0.796531701,-0.098094049
R,2,1.83E+01,2.63E-01,4.06E+00,1.48E+15,1.75E+01,5.45E+00,3.36E+00,3.64E+00,8.25E-01,4.32E-01,3.92E+00,1.06E+00,0.322926352,0.238122475
R,2,1.89E+01,3.27E-01,3.86E+00,1.48E+15,1.78E+01,5.82E+00,3.19E+00,3.77E+00,8.69E-01,4.41E-01,3.66E+00,1.24E+00,1.399065326,-0.607877657
R,2,1.94E+01,3.58E-01,4.08E+00,1.48E+15,1.81E+01,6.21E+00,3.02E+00,3.90E+00,9.13E-01,4.49E-01,3.82E+00,1.43E+00,1.213359927,0.852572493
R,2,1.97E+01,3.65E-01,3.88E+00,1.48E+15,1.84E+01,6.60E+00,2.83E+00,4.03E+00,9.58E-01,4.57E-01,3.62E+00,1.38E+00,0.789471821,0.22309011
R,2,2.02E+01,3.68E-01,4.11E+00,1.48E+15,1.87E+01,7.01E+00,2.64E+00,4.15E+00,1.00E+00,4.64E-01,3.83E+00,1.48E+00,0.485633263,0.418561647
R,2,2.00E+01,3.80E-01,3.51E+00,1.48E+15,1.90E+01,7.43E+00,2.44E+00,4.26E+00,1.05E+00,4.72E-01,3.26E+00,1.30E+00,-0.504515724,0.297946063
R,2,2.08E+01,3.78E-01,3.79E+00,1.48E+15,1.92E+01,7.86E+00,2.23E+00,4.36E+00,1.10E+00,4.79E-01,3.52E+00,1.40E+00,0.328044131,0.352934467
R,2,2.07E+01,4.06E-01,3.78E+00,1.48E+15,1.94E+01,8.30E+00,2.01E+00,4.45E+00,1.15E+00,4.85E-01,3.47E+00,1.49E+00,-1.008360238,-1.084723556
R,2,2.14E+01,4.02E-01,3.38E+00,1.48E+15,1.96E+01,8.75E+00,1.79E+00,4.54E+00,1.19E+00,4.92E-01,3.11E+00,1.32E+00,0.284289267,0.439784765
R,2,2.18E+01,4.51E-01,3.22E+00,1.48E+15,1.98E+01,9.21E+00,1.56E+00,4.61E+00,1.24E+00,4.98E-01,2.90E+00,1.40E+00,-1.505566196,-0.364282591
R,2,2.19E+01,4.62E-01,2.97E+00,1.48E+15,1.99E+01,9.68E+00,1.33E+00,4.68E+00,1.29E+00,5.03E-01,2.66E+00,1.32E+00,-1.508566761,0.321151226
R,2,2.24E+01,5.42E-01,3.37E+00,1.48E+15,2.00E+01,1.01E+01,1.09E+00,4.73E+00,1.34E+00,5.09E-01,2.89E+00,1.74E+00,-1.343673984,1.067286368
R,2,2.24E+01,5.02E-01,2.78E+00,1.48E+15,2.01E+01,1.06E+01,8.46E-01,4.78E+00,1.40E+00,5.14E-01,2.44E+00,1.34E+00,-1.048796327,0.727557396
R,2,2.30E+01,5.66E-01,3.02E+00,1.48E+15,2.02E+01,1.11E+01,5.98E-01,4.81E+00,1.45E+00,5.19E-01,2.55E+00,1.62E+00,-1.428334918,1.192433194
R,2,2.28E+01,5.67E-01,2.09E+00,1.48E+15,2.02E+01,1.16E+01,3.47E-01,4.83E+00,1.50E+00,5.23E-01,1.76E+00,1.12E+00,0.452496466,0.563752695
R,2,2.33E+01,5.40E-01,3.01E+00,1.48E+15,2.03E+01,1.21E+01,9.35E-02,4.83E+00,1.55E+00,5.27E-01,2.58E+00,1.55E+00,-0.340511396,0.478797764
R,2,2.36E+01,5.58E-01,1.96E+00,1.48E+15,2.03E+01,1.26E+01,-1.62E-01,4.82E+00,1.60E+00,5.31E-01,1.66E+00,1.04E+00,1.501916647,0.506424593
R,2,2.42E+01,5.30E-01,2.16E+00,1.48E+15,2.02E+01,1.30E+01,-4.17E-01,4.80E+00,1.66E+00,5.34E-01,1.86E+00,1.09E+00,-0.295899241,0.263201691
R,2,2.40E+01,5.98E-01,2.14E+00,1.48E+15,2.02E+01,1.35E+01,-6.73E-01,4.77E+00,1.71E+00,5.37E-01,1.77E+00,1.20E+00,-0.885402678,-0.870893064
R,2,2.44E+01,5.87E-01,1.75E+00,1.48E+15,2.01E+01,1.40E+01,-9.28E-01,4.72E+00,1.76E+00,5.40E-01,1.46E+00,9.69E-01,0.005300873,0.647304592
R,2,2.44E+01,6.32E-01,1.73E+00,1.48E+15,2.00E+01,1.45E+01,-1.18E+00,4.66E+00,1.82E+00,5.43E-01,1.40E+00,1.02E+00,-0.961296327,-0.711256132
R,2,2.45E+01,6.09E-01,1.71E+00,1.48E+15,1.99E+01,1.49E+01,-1.43E+00,4.59E+00,1.87E+00,5.45E-01,1.40E+00,9.78E-01,-0.774318333,-1.41836522
R,2,2.52E+01,6.54E-01,4.80E-01,1.48E+15,1.97E+01,1.54E+01,-1.68E+00,4.50E+00,1.93E+00,5.46E-01,3.81E-01,2.92E-01,-1.498522778,0.591453684
R,2,2.50E+01,6.48E-01,1.14E+00,1.48E+15,1.95E+01,1.58E+01,-1.92E+00,4.40E+00,1.98E+00,5.48E-01,9.09E-01,6.88E-01,1.296419787,0.643636475
R,2,2.50E+01,6.96E-01,1.21E+00,1.48E+15,1.93E+01,1.63E+01,-2.16E+00,4.29E+00,2.04E+00,5.49E-01,9.29E-01,7.76E-01,-0.898796327,1.350309381
R,2,2.53E+01,6.99E-01,7.23E-01,1.48E+15,1.91E+01,1.67E+01,-2.39E+00,4.16E+00,2.09E+00,5.50E-01,5.53E-01,4.65E-01,0.943890106,0.691546267
R,2,2.59E+01,7.55E-01,-6.12E-02,1.48E+15,1.88E+01,1.71E+01,-2.62E+00,4.02E+00,2.15E+00,5.50E-01,-4.46E-02,-4.19E-02,-1.240078272,0.703368536
R,2,2.54E+01,7.36E-01,1.06E+00,1.48E+15,1.86E+01,1.75E+01,-2.83E+00,3.87E+00,2.20E+00,5.50E-01,7.86E-01,7.12E-01,1.518101829,0.737037051
R,2,2.53E+01,7.63E-01,6.72E-01,1.48E+15,1.83E+01,1.79E+01,-3.04E+00,3.71E+00,2.26E+00,5.50E-01,4.86E-01,4.64E-01,-0.676228762,0.689306257
R,2,2.53E+01,7.63E-01,-9.29E-02,1.48E+15,1.80E+01,1.82E+01,-3.24E+00,3.54E+00,2.31E+00,5.49E-01,-6.71E-02,-6.42E-02,0,0.763
R,2,2.62E+01,7.66E-01,1.52E-01,1.48E+15,1.76E+01,1.86E+01,-3.43E+00,3.36E+00,2.37E+00,5.48E-01,1.10E-01,1.05E-01,0.850123536,0.764861985
R,2,2.54E+01,7.93E-01,-2.53E-01,1.48E+15,1.73E+01,1.89E+01,-3.61E+00,3.17E+00,2.42E+00,5.46E-01,-1.78E-01,-1.80E-01,0.063052068,0.782866858
R,2,2.60E+01,8.61E-01,-1.64E-01,1.48E+15,1.69E+01,1.92E+01,-3.78E+00,2.97E+00,2.48E+00,5.45E-01,-1.07E-01,-1.24E-01,-1.074396584,0.668964159
R,2,2.59E+01,8.96E-01,-5.30E-01,1.48E+15,1.65E+01,1.95E+01,-3.94E+00,2.76E+00,2.53E+00,5.43E-01,-3.31E-01,-4.14E-01,-0.58264728,0.911674273
R,2,2.46E+01,8.38E-01,-8.68E-01,1.48E+15,1.61E+01,1.98E+01,-4.09E+00,2.54E+00,2.58E+00,5.40E-01,-5.81E-01,-6.45E-01,-1.429620938,0.747590414
R,2,2.52E+01,8.69E-01,-4.22E-01,1.48E+15,1.57E+01,2.00E+01,-4.22E+00,2.32E+00,2.64E+00,5.37E-01,-2.72E-01,-3.22E-01,-1.378004649,0.808694578
R,2,2.57E+01,9.78E-01,-7.46E-01,1.48E+15,1.53E+01,2.02E+01,-4.34E+00,2.09E+00,2.69E+00,5.34E-01,-4.17E-01,-6.19E-01,-0.82545067,1.117685712
R,2,2.48E+01,9.34E-01,-1.05E+00,1.48E+15,1.48E+01,2.04E+01,-4.45E+00,1.86E+00,2.75E+00,5.31E-01,-6.24E-01,-8.44E-01,-1.295575151,0.82673025
R,2,2.52E+01,9.88E-01,-1.30E+00,1.48E+15,1.44E+01,2.06E+01,-4.55E+00,1.62E+00,2.80E+00,5.27E-01,-7.15E-01,-1.09E+00,-0.89778558,1.209609881
R,2,2.50E+01,9.86E-01,-1.50E+00,1.48E+15,1.39E+01,2.07E+01,-4.64E+00,1.38E+00,2.85E+00,5.23E-01,-8.28E-01,-1.25E+00,1.232919697,0.97300091
R,2,2.47E+01,9.76E-01,-2.01E+00,1.48E+15,1.35E+01,2.09E+01,-4.71E+00,1.14E+00,2.90E+00,5.19E-01,-1.13E+00,-1.66E+00,-1.468808369,0.946601522
R,2,2.50E+01,1.01E+00,-1.83E+00,1.48E+15,1.30E+01,2.10E+01,-4.77E+00,8.98E-01,2.96E+00,5.14E-01,-9.73E-01,-1.55E+00,-0.91895174,0.645054832
R,2,2.45E+01,1.08E+00,-2.03E+00,1.48E+15,1.25E+01,2.10E+01,-4.81E+00,6.53E-01,3.01E+00,5.09E-01,-9.57E-01,-1.79E+00,-0.244939312,-1.502310099
R,2,2.45E+01,1.04E+00,-2.24E+00,1.48E+15,1.20E+01,2.11E+01,-4.85E+00,4.09E-01,3.06E+00,5.03E-01,-1.13E+00,-1.93E+00,-0.510796327,0.673713207
R,2,2.37E+01,1.06E+00,-2.41E+00,1.48E+15,1.15E+01,2.11E+01,-4.87E+00,1.65E-01,3.11E+00,4.98E-01,-1.18E+00,-2.10E+00,0.507729557,1.317006987
R,2,2.31E+01,1.10E+00,-2.61E+00,1.48E+15,1.11E+01,2.11E+01,-4.88E+00,-7.66E-02,3.16E+00,4.92E-01,-1.18E+00,-2.33E+00,0.079183555,1.545299797
R,2,2.33E+01,1.16E+00,-2.32E+00,1.48E+15,1.06E+01,2.11E+01,-4.88E+00,-3.16E-01,3.21E+00,4.85E-01,-9.26E-01,-2.13E+00,-0.583455652,0.658262977
R,2,2.35E+01,1.13E+00,-2.70E+00,1.48E+15,1.01E+01,2.11E+01,-4.87E+00,-5.52E-01,3.25E+00,4.79E-01,-1.15E+00,-2.44E+00,-0.14826916,0.949362019
R,2,2.31E+01,1.15E+00,-2.35E+00,1.48E+15,9.59E+00,2.10E+01,-4.84E+00,-7.85E-01,3.30E+00,4.72E-01,-9.60E-01,-2.14E+00,0.278519935,0.996698515
R,2,2.31E+01,1.14E+00,-2.85E+00,1.48E+15,9.11E+00,2.09E+01,-4.81E+00,-1.01E+00,3.35E+00,4.64E-01,-1.19E+00,-2.59E+00,-0.425796327,1.093046361
R,2,2.23E+01,1.11E+00,-3.00E+00,1.48E+15,8.63E+00,2.08E+01,-4.77E+00,-1.24E+00,3.40E+00,4.57E-01,-1.33E+00,-2.69E+00,-1.311336326,0.59565024
R,2,2.21E+01,1.19E+00,-3.20E+00,1.48E+15,8.16E+00,2.07E+01,-4.71E+00,-1.46E+00,3.44E+00,4.49E-01,-1.19E+00,-2.97E+00,-0.308715475,-1.099198121
R,2,2.23E+01,1.19E+00,-3.51E+00,1.48E+15,7.69E+00,2.05E+01,-4.65E+00,-1.67E+00,3.49E+00,4.41E-01,-1.30E+00,-3.26E+00,1.19,1.19
R,2,2.13E+01,1.23E+00,-3.33E+00,1.48E+15,7.23E+00,2.03E+01,-4.58E+00,-1.87E+00,3.53E+00,4.32E-01,-1.11E+00,-3.14E+00,0.492805591,0.560065311
R,2,2.13E+01,1.24E+00,-3.36E+00,1.48E+15,6.77E+00,2.01E+01,-4.51E+00,-2.07E+00,3.57E+00,4.24E-01,-1.09E+00,-3.18E+00,-0.335796327,-1.066870315
R,2,2.13E+01,1.25E+00,-3.50E+00,1.48E+15,6.33E+00,1.99E+01,-4.43E+00,-2.27E+00,3.61E+00,4.15E-01,-1.10E+00,-3.32E+00,-0.325796327,1.485269199
R,2,2.02E+01,1.31E+00,-3.87E+00,1.48E+15,5.89E+00,1.97E+01,-4.34E+00,-2.45E+00,3.66E+00,4.06E-01,-9.98E-01,-3.74E+00,0.432697887,-1.32283149
R,2,1.99E+01,1.27E+00,-3.80E+00,1.48E+15,5.46E+00,1.94E+01,-4.24E+00,-2.63E+00,3.70E+00,3.96E-01,-1.13E+00,-3.63E+00,-0.638703122,-0.708845924
R,2,2.02E+01,1.28E+00,-3.51E+00,1.48E+15,5.04E+00,1.92E+01,-4.15E+00,-2.80E+00,3.74E+00,3.86E-01,-1.01E+00,-3.36E+00,-1.277433241,1.149625534
R,2,1.95E+01,1.36E+00,-3.99E+00,1.48E+15,4.63E+00,1.89E+01,-4.04E+00,-2.96E+00,3.77E+00,3.77E-01,-8.35E-01,-3.90E+00,0.164188768,-1.26275352
R,2,1.91E+01,1.32E+00,-3.64E+00,1.48E+15,4.23E+00,1.86E+01,-3.94E+00,-3.12E+00,3.81E+00,3.66E-01,-9.03E-01,-3.53E+00,-0.708791766,-1.390393067
R,2,1.91E+01,1.39E+00,-4.54E+00,1.48E+15,3.85E+00,1.82E+01,-3.83E+00,-3.27E+00,3.85E+00,3.56E-01,-8.16E-01,-4.47E+00,-0.215796327,-1.478486069
R,2,1.84E+01,1.34E+00,-3.74E+00,1.48E+15,3.47E+00,1.79E+01,-3.72E+00,-3.41E+00,3.88E+00,3.45E-01,-8.56E-01,-3.64E+00,-0.847060801,-1.523345266
R,2,1.81E+01,1.42E+00,-4.42E+00,1.48E+15,3.10E+00,1.76E+01,-3.61E+00,-3.54E+00,3.92E+00,3.34E-01,-6.64E-01,-4.37E+00,0.011757179,-1.313864504
R,2,1.74E+01,1.38E+00,-4.60E+00,1.48E+15,2.75E+00,1.72E+01,-3.49E+00,-3.66E+00,3.95E+00,3.23E-01,-8.72E-01,-4.52E+00,-0.949035744,0.613425286
R,2,1.71E+01,1.42E+00,-3.82E+00,1.48E+15,2.40E+00,1.68E+01,-3.38E+00,-3.78E+00,3.98E+00,3.12E-01,-5.74E-01,-3.78E+00,0.239282257,1.187338705
R,2,1.61E+01,1.47E+00,-3.95E+00,1.48E+15,2.07E+00,1.64E+01,-3.27E+00,-3.89E+00,4.01E+00,3.01E-01,-3.97E-01,-3.93E+00,0.752129764,-0.71548251
R,2,1.64E+01,1.46E+00,-4.00E+00,1.48E+15,1.75E+00,1.61E+01,-3.16E+00,-3.99E+00,4.04E+00,2.89E-01,-4.42E-01,-3.98E+00,0.968573757,0.793311224
R,2,1.56E+01,1.47E+00,-4.66E+00,1.48E+15,1.44E+00,1.57E+01,-3.05E+00,-4.09E+00,4.07E+00,2.77E-01,-4.69E-01,-4.64E+00,1.267602838,1.530512721
R,2,1.56E+01,1.52E+00,-4.27E+00,1.48E+15,1.14E+00,1.52E+01,-2.94E+00,-4.18E+00,4.10E+00,2.65E-01,-2.17E-01,-4.26E+00,-0.075796327,0.975005005
R,2,1.52E+01,1.50E+00,-4.04E+00,1.48E+15,8.54E-01,1.48E+01,-2.83E+00,-4.26E+00,4.13E+00,2.53E-01,-2.86E-01,-4.03E+00,-0.975397822,-1.284872201
R,2,1.43E+01,1.52E+00,-4.70E+00,1.48E+15,5.76E-01,1.44E+01,-2.73E+00,-4.34E+00,4.15E+00,2.40E-01,-2.39E-01,-4.69E+00,1.193247885,-1.499930101
R,2,1.40E+01,1.57E+00,-5.03E+00,1.48E+15,3.08E-01,1.40E+01,-2.63E+00,-4.41E+00,4.17E+00,2.28E-01,-4.01E-03,-5.03E+00,0.375176086,-0.961285529
R,2,1.36E+01,1.57E+00,-4.99E+00,1.48E+15,4.97E-02,1.35E+01,-2.53E+00,-4.47E+00,4.20E+00,2.15E-01,-3.97E-03,-4.99E+00,1.57,1.57
R,2,1.31E+01,1.59E+00,-4.46E+00,1.48E+15,-1.99E-01,1.31E+01,-2.44E+00,-4.53E+00,4.22E+00,2.02E-01,8.56E-02,-4.46E+00,1.089509935,1.403546608
R,2,1.24E+01,1.63E+00,-4.33E+00,1.48E+15,-4.39E-01,1.26E+01,-2.35E+00,-4.58E+00,4.24E+00,1.90E-01,2.56E-01,-4.32E+00,0.980291352,0.675872021
R,2,1.26E+01,1.65E+00,-4.43E+00,1.48E+15,-6.70E-01,1.21E+01,-2.27E+00,-4.63E+00,4.26E+00,1.77E-01,3.51E-01,-4.42E+00,-0.605521009,-0.782180041
R,2,1.17E+01,1.68E+00,-4.46E+00,1.48E+15,-8.93E-01,1.17E+01,-2.19E+00,-4.68E+00,4.27E+00,1.63E-01,4.86E-01,-4.43E+00,1.280164627,-0.127067942
R,2,1.10E+01,1.65E+00,-4.10E+00,1.48E+15,-1.11E+00,1.12E+01,-2.12E+00,-4.72E+00,4.29E+00,1.50E-01,3.24E-01,-4.09E+00,-1.02383151,-1.133967367
R,2,1.10E+01,1.69E+00,-4.76E+00,1.48E+15,-1.32E+00,1.07E+01,-2.05E+00,-4.75E+00,4.30E+00,1.37E-01,5.66E-01,-4.73E+00,0.099203673,-1.209260163
R,2,1.01E+01,1.73E+00,-4.76E+00,1.48E+15,-1.52E+00,1.03E+01,-1.99E+00,-4.78E+00,4.32E+00,1.23E-01,7.55E-01,-4.70E+00,1.27149832,0.139203673
R,2,1.01E+01,1.73E+00,-4.34E+00,1.48E+15,-1.72E+00,9.78E+00,-1.93E+00,-4.81E+00,4.33E+00,1.10E-01,6.88E-01,-4.29E+00,0,-1.411592654
R,2,9.64E+00,1.81E+00,-4.64E+00,1.48E+15,-1.91E+00,9.29E+00,-1.89E+00,-4.83E+00,4.34E+00,9.63E-02,1.10E+00,-4.51E+00,0.726478947,-0.496366449
R,2,9.34E+00,1.78E+00,-4.20E+00,1.48E+15,-2.09E+00,8.81E+00,-1.84E+00,-4.85E+00,4.35E+00,8.26E-02,8.72E-01,-4.11E+00,-0.587318335,-1.053864564
R,2,8.62E+00,1.88E+00,-4.31E+00,1.48E+15,-2.27E+00,8.32E+00,-1.80E+00,-4.87E+00,4.36E+00,6.89E-02,1.31E+00,-4.11E+00,0.934623195,0.006424955
R,2,8.82E+00,1.83E+00,-4.17E+00,1.48E+15,-2.45E+00,7.84E+00,-1.77E+00,-4.88E+00,4.36E+00,5.52E-02,1.07E+00,-4.03E+00,0.71420285,-0.299336336
R,2,8.01E+00,1.97E+00,-3.63E+00,1.48E+15,-2.63E+00,7.35E+00,-1.75E+00,-4.90E+00,4.37E+00,4.14E-02,1.41E+00,-3.34E+00,0.930760261,1.108259487
R,2,7.73E+00,1.94E+00,-4.03E+00,1.48E+15,-2.80E+00,6.86E+00,-1.73E+00,-4.90E+00,4.37E+00,2.76E-02,1.45E+00,-3.76E+00,-0.486014298,-1.466331451
R,2,6.87E+00,1.96E+00,-3.36E+00,1.48E+15,-2.98E+00,6.37E+00,-1.72E+00,-4.91E+00,4.38E+00,1.38E-02,1.27E+00,-3.11E+00,-1.359762277,-1.301450742
R,2,7.04E+00,2.09E+00,-3.62E+00,1.48E+15,-3.15E+00,5.88E+00,-1.71E+00,-4.91E+00,4.38E+00,-1.77E-16,1.80E+00,-3.14E+00,0.268607437,-0.065567937
R,2,6.10E+00,2.12E+00,-2.99E+00,1.48E+15,-3.32E+00,5.38E+00,-1.71E+00,-4.91E+00,4.38E+00,-1.38E-02,1.56E+00,-2.55E+00,-1.243294224,-1.192704723
R,2,6.02E+00,2.18E+00,-3.19E+00,1.48E+15,-3.49E+00,4.89E+00,-1.72E+00,-4.91E+00,4.37E+00,-2.76E-02,1.83E+00,-2.62E+00,0.795712001,-0.2439095
R,2,5.45E+00,2.27E+00,-2.36E+00,1.48E+15,-3.66E+00,4.40E+00,-1.74E+00,-4.90E+00,4.37E+00,-4.14E-02,1.52E+00,-1.81E+00,1.488804047,-1.209064633
R,2,5.78E+00,2.35E+00,-2.41E+00,1.48E+15,-3.84E+00,3.91E+00,-1.76E+00,-4.89E+00,4.37E+00,-5.52E-02,1.69E+00,-1.71E+00,0.105860619,0.483042962
R,2,5.75E+00,2.40E+00,-1.55E+00,1.48E+15,-4.02E+00,3.43E+00,-1.79E+00,-4.88E+00,4.36E+00,-6.89E-02,1.14E+00,-1.05E+00,0.907885187,-0.881228115
R,2,5.16E+00,2.55E+00,-1.03E+00,1.48E+15,-4.20E+00,2.94E+00,-1.82E+00,-4.86E+00,4.35E+00,-8.26E-02,8.55E-01,-5.74E-01,1.528028164,-1.023446047
R,2,5.00E+00,2.64E+00,-7.76E-01,1.48E+15,-4.38E+00,2.45E+00,-1.86E+00,-4.84E+00,4.35E+00,-9.63E-02,6.80E-01,-3.73E-01,1.36062903,-0.856455948
R,2,4.71E+00,2.72E+00,3.64E-01,1.48E+15,-4.57E+00,1.97E+00,-1.91E+00,-4.82E+00,4.34E+00,-1.10E-01,-3.32E-01,1.49E-01,-1.39128919,-0.4760555
R,2,5.18E+00,2.86E+00,8.71E-01,1.48E+15,-4.76E+00,1.49E+00,-1.96E+00,-4.79E+00,4.32E+00,-1.23E-01,-8.37E-01,2.42E-01,0.623541698,-0.182432968
R,2,5.11E+00,2.92E+00,1.07E+00,1.48E+15,-4.96E+00,1.01E+00,-2.02E+00,-4.76E+00,4.31E+00,-1.37E-01,-1.04E+00,2.35E-01,1.542125469,0.033154322
R,2,4.85E+00,3.10E+00,1.76E+00,1.48E+15,-5.17E+00,5.37E-01,-2.08E+00,-4.73E+00,4.30E+00,-1.50E-01,-1.76E+00,7.32E-02,-1.420809185,0.222901894
R,2,6.01E+00,3.19E+00,1.78E+00,1.48E+15,-5.38E+00,6.55E-02,-2.15E+00,-4.69E+00,4.28E+00,-1.63E-01,-1.78E+00,-8.61E-02,0.402375713,1.44939133
R,2,5.65E+00,-3.12E+00,2.51E+00,1.48E+15,-5.60E+00,-4.02E-01,-2.23E+00,-4.65E+00,4.27E+00,-1.77E-01,-2.51E+00,-5.42E-02,0.444700416,-0.043633369
R,2,5.36E+00,-3.01E+00,3.30E+00,1.48E+15,-5.82E+00,-8.65E-01,-2.31E+00,-4.61E+00,4.25E+00,-1.90E-01,-3.27E+00,-4.33E-01,-1.04796823,0.461317762
R,2,5.88E+00,-2.88E+00,3.26E+00,1.48E+15,-6.06E+00,-1.32E+00,-2.40E+00,-4.55E+00,4.23E+00,-2.02E-01,-3.15E+00,-8.43E-01,1.14949053,-1.280799773
R,2,6.36E+00,-2.86E+00,4.19E+00,1.48E+15,-6.30E+00,-1.78E+00,-2.49E+00,-4.50E+00,4.21E+00,-2.15E-01,-4.02E+00,-1.16E+00,0.521279616,0.351532135
R,2,7.32E+00,-2.84E+00,3.86E+00,1.48E+15,-6.56E+00,-2.22E+00,-2.58E+00,-4.44E+00,4.19E+00,-2.28E-01,-3.69E+00,-1.15E+00,0.433144346,0.052318499
R,2,7.63E+00,-2.78E+00,4.25E+00,1.48E+15,-6.82E+00,-2.66E+00,-2.68E+00,-4.37E+00,4.16E+00,-2.40E-01,-3.98E+00,-1.50E+00,1.297738675,0.889496566
R,2,7.83E+00,-2.72E+00,4.17E+00,1.48E+15,-7.09E+00,-3.10E+00,-2.78E+00,-4.30E+00,4.14E+00,-2.53E-01,-3.80E+00,-1.71E+00,1.555370551,-0.872577732
R,2,8.78E+00,-2.66E+00,4.42E+00,1.48E+15,-7.38E+00,-3.52E+00,-2.88E+00,-4.22E+00,4.11E+00,-2.65E-01,-3.92E+00,-2.05E+00,0.93479169,1.252306053
R,2,8.47E+00,-2.67E+00,4.65E+00,1.48E+15,-7.67E+00,-3.94E+00,-2.99E+00,-4.13E+00,4.09E+00,-2.77E-01,-4.14E+00,-2.11E+00,0.747957543,0.281914374
R,2,9.29E+00,-2.63E+00,4.65E+00,1.48E+15,-7.97E+00,-4.35E+00,-3.10E+00,-4.04E+00,4.06E+00,-2.89E-01,-4.05E+00,-2.28E+00,0.900412217,-1.079203673
R,2,9.80E+00,-2.61E+00,4.32E+00,1.48E+15,-8.29E+00,-4.75E+00,-3.21E+00,-3.94E+00,4.03E+00,-3.01E-01,-3.72E+00,-2.19E+00,0.879772467,0.256178516
R,2,9.80E+00,-2.63E+00,4.40E+00,1.48E+15,-8.62E+00,-5.14E+00,-3.32E+00,-3.83E+00,4.00E+00,-3.12E-01,-3.84E+00,-2.15E+00,-1.049203673,-0.306857728
R,2,1.07E+01,-2.58E+00,4.70E+00,1.48E+15,-8.95E+00,-5.51E+00,-3.43E+00,-3.72E+00,3.97E+00,-3.23E-01,-3.98E+00,-2.50E+00,1.054331366,1.185506119
R,2,1.04E+01,-2.59E+00,4.47E+00,1.48E+15,-9.30E+00,-5.88E+00,-3.55E+00,-3.60E+00,3.93E+00,-3.34E-01,-3.81E+00,-2.34E+00,0.89475409,0.753362642
R,2,1.17E+01,-2.56E+00,4.73E+00,1.48E+15,-9.66E+00,-6.23E+00,-3.66E+00,-3.47E+00,3.90E+00,-3.45E-01,-3.95E+00,-2.60E+00,0.816289593,1.054582642
R,2,1.24E+01,-2.60E+00,5.09E+00,1.48E+15,-1.00E+01,-6.57E+00,-3.77E+00,-3.33E+00,3.87E+00,-3.56E-01,-4.36E+00,-2.62E+00,-0.041484165,0.062112023
R,2,1.22E+01,-2.56E+00,5.05E+00,1.48E+15,-1.04E+01,-6.90E+00,-3.88E+00,-3.19E+00,3.83E+00,-3.66E-01,-4.22E+00,-2.77E+00,-0.623149465,-0.814489968
R,2,1.29E+01,-2.58E+00,5.09E+00,1.48E+15,-1.08E+01,-7.21E+00,-3.99E+00,-3.04E+00,3.79E+00,-3.77E-01,-4.31E+00,-2.71E+00,0.227291727,-0.623478656
R,2,1.32E+01,-2.55E+00,4.90E+00,1.48E+15,-1.12E+01,-7.51E+00,-4.09E+00,-2.88E+00,3.76E+00,-3.86E-01,-4.07E+00,-2.73E+00,1.493583819,-0.0912467
R,2,1.36E+01,-2.56E+00,4.89E+00,1.48E+15,-1.16E+01,-7.79E+00,-4.19E+00,-2.71E+00,3.72E+00,-3.96E-01,-4.09E+00,-2.69E+00,0.26334034,-1.185719263
R,2,1.43E+01,-2.56E+00,4.50E+00,1.48E+15,-1.21E+01,-8.05E+00,-4.29E+00,-2.54E+00,3.68E+00,-4.06E-01,-3.76E+00,-2.47E+00,0.581592654,0.581592654
R,2,1.48E+01,-2.57E+00,5.28E+00,1.48E+15,-1.25E+01,-8.30E+00,-4.38E+00,-2.36E+00,3.64E+00,-4.15E-01,-4.44E+00,-2.86E+00,0.293410819,0.513981766
R,2,1.52E+01,-2.57E+00,4.47E+00,1.48E+15,-1.29E+01,-8.52E+00,-4.46E+00,-2.17E+00,3.59E+00,-4.24E-01,-3.76E+00,-2.42E+00,0.571592654,0.571592654
R,2,1.62E+01,-2.59E+00,5.02E+00,1.48E+15,-1.34E+01,-8.73E+00,-4.54E+00,-1.97E+00,3.55E+00,-4.32E-01,-4.28E+00,-2.63E+00,0.257332294,0.390723999
R,2,1.59E+01,-2.60E+00,4.29E+00,1.48E+15,-1.38E+01,-8.92E+00,-4.62E+00,-1.77E+00,3.51E+00,-4.41E-01,-3.68E+00,-2.21E+00,1.037850126,0.610274085
R,2,1.69E+01,-2.60E+00,5.13E+00,1.48E+15,-1.43E+01,-9.08E+00,-4.68E+00,-1.56E+00,3.46E+00,-4.49E-01,-4.40E+00,-2.64E+00,0.541592654,0.541592654
R,2,1.73E+01,-2.57E+00,4.59E+00,1.48E+15,-1.48E+01,-9.23E+00,-4.74E+00,-1.35E+00,3.42E+00,-4.57E-01,-3.86E+00,-2.48E+00,1.465168754,0.292861943
R,2,1.84E+01,-2.59E+00,4.69E+00,1.48E+15,-1.53E+01,-9.35E+00,-4.78E+00,-1.13E+00,3.37E+00,-4.64E-01,-3.99E+00,-2.46E+00,0.247762143,-0.186495078
R,2,1.85E+01,-2.61E+00,4.29E+00,1.48E+15,-1.57E+01,-9.45E+00,-4.82E+00,-8.99E-01,3.33E+00,-4.72E-01,-3.70E+00,-2.17E+00,-0.764565911,0.762438262
R,2,1.88E+01,-2.65E+00,4.38E+00,1.48E+15,-1.62E+01,-9.53E+00,-4.85E+00,-6.69E-01,3.28E+00,-4.79E-01,-3.86E+00,-2.07E+00,-0.67689588,-0.580501844
R,2,1.85E+01,-2.61E+00,4.25E+00,1.48E+15,-1.67E+01,-9.59E+00,-4.87E+00,-4.34E-01,3.23E+00,-4.85E-01,-3.66E+00,-2.15E+00,-0.67689588,-0.413730365
R,2,2.01E+01,-2.57E+00,4.58E+00,1.48E+15,-1.72E+01,-9.62E+00,-4.88E+00,-1.96E-01,3.18E+00,-4.92E-01,-3.85E+00,-2.48E+00,1.001194697,1.043019926
R,2,2.04E+01,-2.66E+00,4.18E+00,1.48E+15,-1.77E+01,-9.63E+00,-4.87E+00,4.41E-02,3.13E+00,-4.98E-01,-3.70E+00,-1.94E+00,-0.88116586,1.305025626
R,2,2.05E+01,-2.68E+00,4.00E+00,1.48E+15,-1.82E+01,-9.61E+00,-4.86E+00,2.87E-01,3.08E+00,-5.03E-01,-3.58E+00,-1.78E+00,-0.859416986,0.898148985
R,2,2.06E+01,-2.66E+00,4.30E+00,1.48E+15,-1.86E+01,-9.57E+00,-4.83E+00,5.31E-01,3.03E+00,-5.09E-01,-3.81E+00,-1.99E+00,-1.337867423,0.741516257
R,2,2.08E+01,-2.69E+00,4.21E+00,1.48E+15,-1.91E+01,-9.50E+00,-4.79E+00,7.75E-01,2.98E+00,-5.14E-01,-3.79E+00,-1.84E+00,-0.792654003,1.423315188
R,2,2.16E+01,-2.72E+00,3.65E+00,1.48E+15,-1.96E+01,-9.41E+00,-4.74E+00,1.02E+00,2.93E+00,-5.19E-01,-3.33E+00,-1.49E+00,-0.2351286,0.644113001
R,2,2.18E+01,-2.78E+00,3.68E+00,1.48E+15,-2.01E+01,-9.30E+00,-4.67E+00,1.26E+00,2.88E+00,-5.23E-01,-3.44E+00,-1.30E+00,-1.026830235,-1.043655263
R,2,2.27E+01,-2.70E+00,3.79E+00,1.48E+15,-2.05E+01,-9.16E+00,-4.59E+00,1.50E+00,2.83E+00,-5.27E-01,-3.43E+00,-1.62E+00,1.504471902,-1.521772954
R,2,2.32E+01,-2.77E+00,3.51E+00,1.48E+15,-2.10E+01,-9.00E+00,-4.50E+00,1.74E+00,2.77E+00,-5.31E-01,-3.27E+00,-1.27E+00,-0.862587001,1.146474441
R,2,2.35E+01,-2.77E+00,3.33E+00,1.48E+15,-2.14E+01,-8.81E+00,-4.40E+00,1.98E+00,2.72E+00,-5.34E-01,-3.10E+00,-1.21E+00,0.371592654,0.371592654
R,2,2.32E+01,-2.82E+00,2.78E+00,1.48E+15,-2.19E+01,-8.60E+00,-4.28E+00,2.21E+00,2.67E+00,-5.37E-01,-2.64E+00,-8.79E-01,-1.475671258,0.617546345
R,2,2.35E+01,-2.81E+00,3.31E+00,1.48E+15,-2.23E+01,-8.37E+00,-4.15E+00,2.43E+00,2.61E+00,-5.40E-01,-3.13E+00,-1.08E+00,0.987985922,0.383982872
R,2,2.39E+01,-2.77E+00,2.91E+00,1.48E+15,-2.27E+01,-8.12E+00,-4.01E+00,2.65E+00,2.56E+00,-5.43E-01,-2.71E+00,-1.06E+00,1.523160004,0.050037101
R,2,2.47E+01,-2.80E+00,2.38E+00,1.48E+15,-2.31E+01,-7.84E+00,-3.86E+00,2.86E+00,2.50E+00,-5.45E-01,-2.24E+00,-7.97E-01,-0.382440604,0.505216782
R,2,2.45E+01,-2.85E+00,2.96E+00,1.48E+15,-2.35E+01,-7.55E+00,-3.70E+00,3.07E+00,2.45E+00,-5.46E-01,-2.84E+00,-8.51E-01,-1.415361583,0.09031497
R,2,2.49E+01,-2.87E+00,2.64E+00,1.48E+15,-2.38E+01,-7.23E+00,-3.52E+00,3.26E+00,2.39E+00,-5.48E-01,-2.54E+00,-7.08E-01,-0.608582296,0.45484398
R,2,2.51E+01,-2.90E+00,2.27E+00,1.48E+15,-2.42E+01,-6.89E+00,-3.34E+00,3.45E+00,2.34E+00,-5.49E-01,-2.20E+00,-5.43E-01,-1.053619954,0.453092846
R,2,2.58E+01,-2.86E+00,1.93E+00,1.48E+15,-2.45E+01,-6.54E+00,-3.14E+00,3.63E+00,2.28E+00,-5.50E-01,-1.85E+00,-5.36E-01,1.230080513,0.019353016
R,2,2.53E+01,-2.90E+00,1.89E+00,1.48E+15,-2.48E+01,-6.17E+00,-2.94E+00,3.80E+00,2.23E+00,-5.50E-01,-1.84E+00,-4.52E-01,1.377441591,1.350126134
R,2,2.54E+01,-2.94E+00,1.81E+00,1.48E+15,-2.51E+01,-5.78E+00,-2.73E+00,3.95E+00,2.17E+00,-5.50E-01,-1.77E+00,-3.62E-01,-1.25091523,0.968115945
R,2,2.61E+01,-2.93E+00,1.92E+00,1.48E+15,-2.54E+01,-5.38E+00,-2.50E+00,4.10E+00,2.12E+00,-5.50E-01,-1.88E+00,-4.03E-01,0.559089135,0.374542373
R,2,2.59E+01,-2.89E+00,1.93E+00,1.48E+15,-2.56E+01,-4.96E+00,-2.28E+00,4.23E+00,2.06E+00,-5.49E-01,-1.87E+00,-4.80E-01,-1.149240113,-1.468333934
R,2,2.62E+01,-2.97E+00,1.63E+00,1.48E+15,-2.58E+01,-4.53E+00,-2.04E+00,4.35E+00,2.01E+00,-5.48E-01,-1.61E+00,-2.78E-01,-1.216307154,0.654975702
R,2,2.73E+01,-2.98E+00,8.43E-01,1.48E+15,-2.60E+01,-4.09E+00,-1.80E+00,4.45E+00,1.96E+00,-5.46E-01,-8.32E-01,-1.36E-01,-0.071960588,0.182303055
R,2,2.68E+01,-3.00E+00,5.94E-01,1.48E+15,-2.62E+01,-3.64E+00,-1.56E+00,4.55E+00,1.90E+00,-5.45E-01,-5.88E-01,-8.38E-02,0.976372293,0.209241473
R,2,2.65E+01,-3.03E+00,4.31E-01,1.48E+15,-2.63E+01,-3.18E+00,-1.31E+00,4.63E+00,1.85E+00,-5.43E-01,-4.28E-01,-4.80E-02,1.338437388,0.220646559
R,2,2.67E+01,-3.01E+00,4.54E-01,1.48E+15,-2.64E+01,-2.72E+00,-1.06E+00,4.70E+00,1.79E+00,-5.40E-01,-4.50E-01,-5.96E-02,1.332805567,0.488923326
R,2,2.67E+01,-3.08E+00,4.97E-01,1.48E+15,-2.65E+01,-2.24E+00,-8.01E-01,4.75E+00,1.74E+00,-5.37E-01,-4.96E-01,-3.06E-02,-1.474203673,-0.562333701
R,2,2.64E+01,-3.09E+00,4.23E-01,1.48E+15,-2.66E+01,-1.77E+00,-5.46E-01,4.79E+00,1.68E+00,-5.34E-01,-4.22E-01,-2.18E-02,0.781062517,0.118675449
R,2,2.66E+01,-3.06E+00,-2.50E-01,1.48E+15,-2.66E+01,-1.29E+00,-2.90E-01,4.82E+00,1.63E+00,-5.31E-01,2.49E-01,2.04E-02,1.390948774,0.062736514
R,2,2.73E+01,-3.08E+00,-1.62E-01,1.48E+15,-2.66E+01,-8.04E-01,-3.39E-02,4.83E+00,1.58E+00,-5.27E-01,1.62E-01,9.97E-03,-0.584602178,0.11837823
R,2,2.70E+01,-3.14E+00,-6.12E-01,1.48E+15,-2.66E+01,-3.21E-01,2.21E-01,4.83E+00,1.53E+00,-5.23E-01,6.12E-01,9.75E-04,1.420320983,-0.019977068
R,2,2.70E+01,3.14E+00,-7.30E-01,1.48E+15,-2.66E+01,1.61E-01,4.73E-01,4.82E+00,1.47E+00,-5.19E-01,7.30E-01,-1.16E-03,0,-0.018111095
R,2,2.68E+01,3.13E+00,-5.25E-01,1.48E+15,-2.65E+01,6.42E-01,7.23E-01,4.80E+00,1.42E+00,-5.14E-01,5.25E-01,-6.09E-03,0.924883141,0.024007803
R,2,2.61E+01,3.04E+00,-3.80E-01,1.48E+15,-2.65E+01,1.12E+00,9.69E-01,4.76E+00,1.37E+00,-5.09E-01,3.78E-01,-3.85E-02,1.228391816,0.217391121
R,2,2.65E+01,3.16E+00,-6.75E-01,1.48E+15,-2.64E+01,1.59E+00,1.21E+00,4.71E+00,1.32E+00,-5.03E-01,6.75E-01,1.24E-02,1.403282872,0.170024963
R,2,2.64E+01,3.07E+00,-1.06E+00,1.48E+15,-2.62E+01,2.06E+00,1.45E+00,4.65E+00,1.27E+00,-4.98E-01,1.06E+00,-7.58E-02,1.502248685,-0.226803162
R,2,2.62E+01,3.05E+00,-8.56E-01,1.48E+15,-2.61E+01,2.52E+00,1.68E+00,4.58E+00,1.22E+00,-4.92E-01,8.52E-01,-7.83E-02,1.125868401,0.012057302
R,2,2.65E+01,3.03E+00,-1.61E+00,1.48E+15,-2.59E+01,2.98E+00,1.91E+00,4.50E+00,1.17E+00,-4.85E-01,1.60E+00,-1.79E-01,-1.154893523,-0.134287659
R,2,2.64E+01,3.00E+00,-1.44E+00,1.48E+15,-2.57E+01,3.42E+00,2.12E+00,4.41E+00,1.12E+00,-4.79E-01,1.43E+00,-2.03E-01,1.318849919,0.136315421
R,2,2.58E+01,3.02E+00,-1.63E+00,1.48E+15,-2.55E+01,3.86E+00,2.34E+00,4.31E+00,1.07E+00,-4.72E-01,1.62E+00,-1.98E-01,-0.847600275,0.028607013
R,2,2.56E+01,2.99E+00,-1.71E+00,1.48E+15,-2.52E+01,4.29E+00,2.54E+00,4.21E+00,1.03E+00,-4.64E-01,1.69E+00,-2.58E-01,1.180412774,-0.69612408
R,2,2.47E+01,2.97E+00,-1.64E+00,1.48E+15,-2.50E+01,4.70E+00,2.74E+00,4.09E+00,9.81E-01,-4.57E-01,1.62E+00,-2.80E-01,0.348063612,0.284778592
R,2,2.49E+01,2.94E+00,-1.97E+00,1.48E+15,-2.47E+01,5.10E+00,2.93E+00,3.97E+00,9.36E-01,-4.49E-01,1.93E+00,-3.94E-01,-1.494798705,-0.349246132
R,2,2.50E+01,2.93E+00,-2.49E+00,1.48E+15,-2.44E+01,5.49E+00,3.11E+00,3.84E+00,8.91E-01,-4.41E-01,2.43E+00,-5.23E-01,-1.396194635,-0.249451365
R,2,2.50E+01,2.95E+00,-2.65E+00,1.48E+15,-2.40E+01,5.87E+00,3.28E+00,3.71E+00,8.47E-01,-4.32E-01,2.60E+00,-5.05E-01,1.369203673,0.109253476
R,2,2.44E+01,2.87E+00,-1.95E+00,1.48E+15,-2.37E+01,6.24E+00,3.44E+00,3.57E+00,8.04E-01,-4.24E-01,1.88E+00,-5.23E-01,1.044555669,0.025580977
R,2,2.46E+01,2.87E+00,-2.31E+00,1.48E+15,-2.34E+01,6.59E+00,3.60E+00,3.43E+00,7.62E-01,-4.15E-01,2.23E+00,-6.20E-01,-0.271592654,-0.271592654
R,2,2.35E+01,2.89E+00,-2.54E+00,1.48E+15,-2.30E+01,6.92E+00,3.74E+00,3.29E+00,7.21E-01,-4.06E-01,2.46E+00,-6.32E-01,-0.673824556,-0.053761038
R,2,2.34E+01,2.85E+00,-2.97E+00,1.48E+15,-2.26E+01,7.24E+00,3.88E+00,3.14E+00,6.80E-01,-3.96E-01,2.84E+00,-8.54E-01,1.193009085,-0.522504312
R,2,2.34E+01,2.80E+00,-3.48E+00,1.48E+15,-2.22E+01,7.55E+00,4.01E+00,2.99E+00,6.41E-01,-3.86E-01,3.28E+00,-1.17E+00,1.254203673,-0.622883287
R,2,2.34E+01,2.75E+00,-2.71E+00,1.48E+15,-2.18E+01,7.84E+00,4.13E+00,2.84E+00,6.03E-01,-3.77E-01,2.50E+00,-1.03E+00,1.204203673,-0.168220452
R,2,2.32E+01,2.80E+00,-2.95E+00,1.48E+15,-2.14E+01,8.12E+00,4.24E+00,2.69E+00,5.65E-01,-3.66E-01,2.78E+00,-9.88E-01,1.374185441,0.166223488
R,2,2.26E+01,2.72E+00,-2.61E+00,1.48E+15,-2.10E+01,8.38E+00,4.35E+00,2.54E+00,5.29E-01,-3.56E-01,2.38E+00,-1.07E+00,0.872860191,0.197916219
R,2,2.20E+01,2.70E+00,-3.40E+00,1.48E+15,-2.05E+01,8.62E+00,4.44E+00,2.39E+00,4.93E-01,-3.45E-01,3.07E+00,-1.45E+00,0.207644077,-0.507524867
R,2,2.21E+01,2.73E+00,-2.81E+00,1.48E+15,-2.01E+01,8.86E+00,4.53E+00,2.24E+00,4.59E-01,-3.34E-01,2.58E+00,-1.12E+00,0.994179208,-0.583193029
R,2,2.18E+01,2.73E+00,-2.80E+00,1.48E+15,-1.96E+01,9.07E+00,4.61E+00,2.09E+00,4.26E-01,-3.23E-01,2.57E+00,-1.12E+00,-0.411592654,-0.411592654
R,2,2.12E+01,2.64E+00,-3.31E+00,1.48E+15,-1.92E+01,9.27E+00,4.68E+00,1.95E+00,3.94E-01,-3.12E-01,2.90E+00,-1.59E+00,0.813718262,-0.951324658
R,2,2.13E+01,2.71E+00,-3.38E+00,1.48E+15,-1.87E+01,9.46E+00,4.75E+00,1.80E+00,3.63E-01,-3.01E-01,3.07E+00,-1.41E+00,1.037105115,0.813819169
R,2,2.02E+01,2.69E+00,-3.97E+00,1.48E+15,-1.82E+01,9.63E+00,4.81E+00,1.67E+00,3.33E-01,-2.89E-01,3.57E+00,-1.73E+00,-0.080819936,-0.565534506
R,2,1.99E+01,2.62E+00,-3.30E+00,1.48E+15,-1.77E+01,9.79E+00,4.86E+00,1.53E+00,3.05E-01,-2.77E-01,2.86E+00,-1.64E+00,0.87370479,-0.123505702
R,2,2.00E+01,2.60E+00,-3.66E+00,1.48E+15,-1.72E+01,9.94E+00,4.91E+00,1.40E+00,2.77E-01,-2.65E-01,3.14E+00,-1.89E+00,1.284764098,-0.722576029
R,2,1.94E+01,2.59E+00,-3.65E+00,1.48E+15,-1.67E+01,1.01E+01,4.96E+00,1.27E+00,2.51E-01,-2.53E-01,3.11E+00,-1.91E+00,-0.229346359,0.757143654
R,2,1.93E+01,2.56E+00,-3.72E+00,1.48E+15,-1.62E+01,1.02E+01,4.99E+00,1.15E+00,2.26E-01,-2.40E-01,3.11E+00,-2.04E+00,0.833625231,1.56864232
R,2,1.89E+01,2.56E+00,-3.53E+00,1.48E+15,-1.57E+01,1.03E+01,5.03E+00,1.03E+00,2.02E-01,-2.28E-01,2.95E+00,-1.94E+00,-0.581592654,-0.581592654
R,2,1.79E+01,2.49E+00,-4.22E+00,1.48E+15,-1.52E+01,1.04E+01,5.06E+00,9.20E-01,1.80E-01,-2.15E-01,3.36E+00,-2.56E+00,0.294218934,-0.991289543
R,2,1.76E+01,2.56E+00,-3.32E+00,1.48E+15,-1.47E+01,1.05E+01,5.08E+00,8.13E-01,1.59E-01,-2.02E-01,2.77E+00,-1.82E+00,1.191024825,-0.901930066
R,2,1.74E+01,2.49E+00,-3.80E+00,1.48E+15,-1.42E+01,1.06E+01,5.10E+00,7.13E-01,1.39E-01,-1.90E-01,3.02E+00,-2.30E+00,0.792431184,-1.095622813
R,2,1.72E+01,2.46E+00,-3.31E+00,1.48E+15,-1.37E+01,1.06E+01,5.12E+00,6.18E-01,1.20E-01,-1.77E-01,2.57E+00,-2.09E+00,0.536409594,-0.452266452
R,2,1.69E+01,2.45E+00,-3.74E+00,1.48E+15,-1.32E+01,1.07E+01,5.14E+00,5.30E-01,1.03E-01,-1.63E-01,2.88E+00,-2.39E+00,-0.169779404,-0.76838718
R,2,1.66E+01,2.40E+00,-3.46E+00,1.48E+15,-1.27E+01,1.07E+01,5.15E+00,4.48E-01,8.68E-02,-1.50E-01,2.55E+00,-2.34E+00,0.510300698,-0.14516039
R,2,1.62E+01,2.40E+00,-3.36E+00,1.48E+15,-1.22E+01,1.08E+01,5.16E+00,3.73E-01,7.22E-02,-1.37E-01,2.48E+00,-2.27E+00,-0.741592654,-0.741592654
R,2,1.55E+01,2.36E+00,-3.46E+00,1.48E+15,-1.17E+01,1.08E+01,5.17E+00,3.05E-01,5.88E-02,-1.23E-01,2.46E+00,-2.44E+00,-0.025563095,1.441761779
R,2,1.55E+01,2.39E+00,-4.45E+00,1.48E+15,-1.11E+01,1.08E+01,5.18E+00,2.43E-01,4.68E-02,-1.10E-01,3.25E+00,-3.04E+00,0.804203673,-0.647304232
R,2,1.52E+01,2.35E+00,-3.73E+00,1.48E+15,-1.06E+01,1.09E+01,5.18E+00,1.88E-01,3.62E-02,-9.63E-02,2.62E+00,-2.65E+00,0.344770706,-0.548135264
R,2,1.50E+01,2.29E+00,-2.91E+00,1.48E+15,-1.01E+01,1.09E+01,5.19E+00,1.40E-01,2.69E-02,-8.26E-02,1.92E+00,-2.19E+00,0.532000731,-0.583213251
R,2,1.45E+01,2.35E+00,-3.35E+00,1.48E+15,-9.58E+00,1.09E+01,5.19E+00,9.86E-02,1.90E-02,-6.89E-02,2.35E+00,-2.38E+00,1.263340303,-0.418074651
R,2,1.39E+01,2.30E+00,-3.20E+00,1.48E+15,-9.06E+00,1.09E+01,5.20E+00,6.46E-02,1.24E-02,-5.52E-02,2.13E+00,-2.39E+00,0.052681175,0.012705968
R,2,1.34E+01,2.29E+00,-3.22E+00,1.48E+15,-8.54E+00,1.09E+01,5.20E+00,3.77E-02,7.25E-03,-4.14E-02,2.12E+00,-2.42E+00,-0.580084659,1.281397904
R,2,1.36E+01,2.19E+00,-2.99E+00,1.48E+15,-8.02E+00,1.09E+01,5.20E+00,1.80E-02,3.45E-03,-2.76E-02,1.74E+00,-2.43E+00,0.816161201,0.032053642
R,2,1.29E+01,2.17E+00,-2.78E+00,1.48E+15,-7.50E+00,1.09E+01,5.20E+00,5.39E-03,1.04E-03,-1.38E-02,1.57E+00,-2.30E+00,-0.599683513,-0.693439295
R,2,1.33E+01,2.16E+00,-2.41E+00,1.48E+15,-6.98E+00,1.09E+01,5.20E+00,-7.85E-15,-1.51E-15,3.54E-16,1.34E+00,-2.00E+00,-1.293086518,-0.906571595